Evidence ID,Title,Category,Description,Purpose,Software item,SVerP activity ID,SVerP reference,Verification method,Verification level,Verified product,Required baseline,Actual baseline,Planned producer,Reviewer,Independence,Planned availability,Status,Approval status,Checksum,SVR destination,DJF destination,Source path,Priority
EVD-CODE-001,Source Code Verification Evidence — __init__.py,Source Code Verification Evidence,Repository artefact at ecss-ml-assurance-workbench/backend/app/assurance_engine/__init__.py,Supports SVR verification evidence set (candidate; acceptance criteria pending review).,backend,PENDING_SVERP,Not identified,Analysis,Software Component,ecss-ml-assurance-workbench/backend/app/assurance_engine/__init__.py,Not defined,repository main (untracked),Not assigned,Not assigned,Not assessed,Not defined,Available,Pending,ef860d58cd4b077c298faba2b4b483b794d59c3433f483298b7f2288628f5732,SVR Section TBD,Not indexed,ecss-ml-assurance-workbench/backend/app/assurance_engine/__init__.py,P1
EVD-CODE-002,Source Code Verification Evidence — engine.py,Source Code Verification Evidence,Repository artefact at ecss-ml-assurance-workbench/backend/app/assurance_engine/engine.py,Supports SVR verification evidence set (candidate; acceptance criteria pending review).,backend,PENDING_SVERP,Not identified,Analysis,Software Component,ecss-ml-assurance-workbench/backend/app/assurance_engine/engine.py,Not defined,repository main (untracked),Not assigned,Not assigned,Not assessed,Not defined,Available,Pending,9124b9614dde11c8b123b6352dbbb60a882a23d024298884c6e1a78423b87e67,SVR Section TBD,Not indexed,ecss-ml-assurance-workbench/backend/app/assurance_engine/engine.py,P1
EVD-CODE-003,Source Code Verification Evidence — packages.py,Source Code Verification Evidence,Repository artefact at ecss-ml-assurance-workbench/backend/app/assurance_engine/packages.py,Supports SVR verification evidence set (candidate; acceptance criteria pending review).,backend,PENDING_SVERP,Not identified,Analysis,Software Component,ecss-ml-assurance-workbench/backend/app/assurance_engine/packages.py,Not defined,repository main (untracked),Not assigned,Not assigned,Not assessed,Not defined,Available,Pending,5c74656cc6333397dbddc4dd197c90b34191880e04ef4e24ce2251e875237578,SVR Section TBD,Not indexed,ecss-ml-assurance-workbench/backend/app/assurance_engine/packages.py,P1
EVD-CODE-004,Source Code Verification Evidence — reports.py,Source Code Verification Evidence,Repository artefact at ecss-ml-assurance-workbench/backend/app/assurance_engine/reports.py,Supports SVR verification evidence set (candidate; acceptance criteria pending review).,backend,PENDING_SVERP,Not identified,Analysis,Software Component,ecss-ml-assurance-workbench/backend/app/assurance_engine/reports.py,Not defined,repository main (untracked),Not assigned,Not assigned,Not assessed,Not defined,Available,Pending,5332ba1a3c9bc564328b05227b22c323562a40cd3505d418fbe1230686ac9fea,SVR Section TBD,Not indexed,ecss-ml-assurance-workbench/backend/app/assurance_engine/reports.py,P1
EVD-CODE-005,Source Code Verification Evidence — __init__.py,Source Code Verification Evidence,Repository artefact at ecss-ml-assurance-workbench/backend/app/continuous/__init__.py,Supports SVR verification evidence set (candidate; acceptance criteria pending review).,backend,PENDING_SVERP,Not identified,Analysis,Software Component,ecss-ml-assurance-workbench/backend/app/continuous/__init__.py,Not defined,repository main (untracked),Not assigned,Not assigned,Not assessed,Not defined,Available,Pending,c0df865443c4b09b97ee9174dc59e2ada9f40ed194c868f1f62170aad53ddcfe,SVR Section TBD,Not indexed,ecss-ml-assurance-workbench/backend/app/continuous/__init__.py,P1
EVD-CODE-006,Source Code Verification Evidence — engine.py,Source Code Verification Evidence,Repository artefact at ecss-ml-assurance-workbench/backend/app/continuous/engine.py,Supports SVR verification evidence set (candidate; acceptance criteria pending review).,backend,PENDING_SVERP,Not identified,Analysis,Software Component,ecss-ml-assurance-workbench/backend/app/continuous/engine.py,Not defined,repository main (untracked),Not assigned,Not assigned,Not assessed,Not defined,Available,Pending,d67c4f55b66981467c376de93e425453481ac6a6d7fa1e47292cf3c86900419a,SVR Section TBD,Not indexed,ecss-ml-assurance-workbench/backend/app/continuous/engine.py,P1
EVD-CODE-007,Source Code Verification Evidence — __init__.py,Source Code Verification Evidence,Repository artefact at ecss-ml-assurance-workbench/backend/app/portfolio/__init__.py,Supports SVR verification evidence set (candidate; acceptance criteria pending review).,backend,PENDING_SVERP,Not identified,Analysis,Software Component,ecss-ml-assurance-workbench/backend/app/portfolio/__init__.py,Not defined,repository main (untracked),Not assigned,Not assigned,Not assessed,Not defined,Available,Pending,a961fd67dd1a5b03a02b176c56cb946a658d488e149d55aafadca16ed1adb730,SVR Section TBD,Not indexed,ecss-ml-assurance-workbench/backend/app/portfolio/__init__.py,P1
EVD-CODE-008,Source Code Verification Evidence — __init__.py,Source Code Verification Evidence,Repository artefact at ecss-ml-assurance-workbench/backend/app/portfolio/datadefs/__init__.py,Supports SVR verification evidence set (candidate; acceptance criteria pending review).,backend,PENDING_SVERP,Not identified,Analysis,Software Component,ecss-ml-assurance-workbench/backend/app/portfolio/datadefs/__init__.py,Not defined,repository main (untracked),Not assigned,Not assigned,Not assessed,Not defined,Available,Pending,06f71181bed47248ebcf829e691d778754306484717740dc025f75ddef6d4dc9,SVR Section TBD,Not indexed,ecss-ml-assurance-workbench/backend/app/portfolio/datadefs/__init__.py,P1
EVD-CODE-009,Source Code Verification Evidence — builders.py,Source Code Verification Evidence,Repository artefact at ecss-ml-assurance-workbench/backend/app/portfolio/datadefs/builders.py,Supports SVR verification evidence set (candidate; acceptance criteria pending review).,backend,PENDING_SVERP,Not identified,Analysis,Software Component,ecss-ml-assurance-workbench/backend/app/portfolio/datadefs/builders.py,Not defined,repository main (untracked),Not assigned,Not assigned,Not assessed,Not defined,Available,Pending,4932ec9e8933fc13e4e0ea8e4f8249ed538d84fd139e4ac28cf8c3d587e6d2b0,SVR Section TBD,Not indexed,ecss-ml-assurance-workbench/backend/app/portfolio/datadefs/builders.py,P1
EVD-CODE-010,Source Code Verification Evidence — lls.py,Source Code Verification Evidence,Repository artefact at ecss-ml-assurance-workbench/backend/app/portfolio/datadefs/lls.py,Supports SVR verification evidence set (candidate; acceptance criteria pending review).,backend,PENDING_SVERP,Not identified,Analysis,Software Component,ecss-ml-assurance-workbench/backend/app/portfolio/datadefs/lls.py,Not defined,repository main (untracked),Not assigned,Not assigned,Not assessed,Not defined,Available,Pending,28daeeb4488bb65f396abf17fee514d57dd11d2a78968ab3533414935233e6e7,SVR Section TBD,Not indexed,ecss-ml-assurance-workbench/backend/app/portfolio/datadefs/lls.py,P1
EVD-CODE-011,Source Code Verification Evidence — qnt.py,Source Code Verification Evidence,Repository artefact at ecss-ml-assurance-workbench/backend/app/portfolio/datadefs/qnt.py,Supports SVR verification evidence set (candidate; acceptance criteria pending review).,backend,PENDING_SVERP,Not identified,Analysis,Software Component,ecss-ml-assurance-workbench/backend/app/portfolio/datadefs/qnt.py,Not defined,repository main (untracked),Not assigned,Not assigned,Not assessed,Not defined,Available,Pending,0569c0d838a121c0c5ec24f61e41017f1a447f6f379c8a412d61ba23cf875799,SVR Section TBD,Not indexed,ecss-ml-assurance-workbench/backend/app/portfolio/datadefs/qnt.py,P1
EVD-CODE-012,Source Code Verification Evidence — seu.py,Source Code Verification Evidence,Repository artefact at ecss-ml-assurance-workbench/backend/app/portfolio/datadefs/seu.py,Supports SVR verification evidence set (candidate; acceptance criteria pending review).,backend,PENDING_SVERP,Not identified,Analysis,Software Component,ecss-ml-assurance-workbench/backend/app/portfolio/datadefs/seu.py,Not defined,repository main (untracked),Not assigned,Not assigned,Not assessed,Not defined,Available,Pending,eb6811817920f707dfc24eb534e0539007c9f204c765461aa364225ef5a6e091,SVR Section TBD,Not indexed,ecss-ml-assurance-workbench/backend/app/portfolio/datadefs/seu.py,P1
EVD-CODE-013,Source Code Verification Evidence — tad.py,Source Code Verification Evidence,Repository artefact at ecss-ml-assurance-workbench/backend/app/portfolio/datadefs/tad.py,Supports SVR verification evidence set (candidate; acceptance criteria pending review).,backend,PENDING_SVERP,Not identified,Analysis,Software Component,ecss-ml-assurance-workbench/backend/app/portfolio/datadefs/tad.py,Not defined,repository main (untracked),Not assigned,Not assigned,Not assessed,Not defined,Available,Pending,54344c3498077e1c0a2886742f1db3d7a25a6a457e9d94df5a7633c17966e87c,SVR Section TBD,Not indexed,ecss-ml-assurance-workbench/backend/app/portfolio/datadefs/tad.py,P1
EVD-CODE-014,Source Code Verification Evidence — models.py,Source Code Verification Evidence,Repository artefact at ecss-ml-assurance-workbench/backend/app/portfolio/models.py,Supports SVR verification evidence set (candidate; acceptance criteria pending review).,backend,PENDING_SVERP,Not identified,Analysis,Software Component,ecss-ml-assurance-workbench/backend/app/portfolio/models.py,Not defined,repository main (untracked),Not assigned,Not assigned,Not assessed,Not defined,Available,Pending,c6f08c580782c174de2734e03a3fee51186e479b4db746ca4fb119fdd0d193e4,SVR Section TBD,Not indexed,ecss-ml-assurance-workbench/backend/app/portfolio/models.py,P1
EVD-CODE-015,Source Code Verification Evidence — package.py,Source Code Verification Evidence,Repository artefact at ecss-ml-assurance-workbench/backend/app/portfolio/package.py,Supports SVR verification evidence set (candidate; acceptance criteria pending review).,backend,PENDING_SVERP,Not identified,Analysis,Software Component,ecss-ml-assurance-workbench/backend/app/portfolio/package.py,Not defined,repository main (untracked),Not assigned,Not assigned,Not assessed,Not defined,Available,Pending,05a251c026111fbd59b182b5e0d1b8332ea44166d6969c3cfa7204fe6352063d,SVR Section TBD,Not indexed,ecss-ml-assurance-workbench/backend/app/portfolio/package.py,P1
EVD-CODE-016,Source Code Verification Evidence — seed.py,Source Code Verification Evidence,Repository artefact at ecss-ml-assurance-workbench/backend/app/portfolio/seed.py,Supports SVR verification evidence set (candidate; acceptance criteria pending review).,backend,PENDING_SVERP,Not identified,Analysis,Software Component,ecss-ml-assurance-workbench/backend/app/portfolio/seed.py,Not defined,repository main (untracked),Not assigned,Not assigned,Not assessed,Not defined,Available,Pending,d731312c7a42ff9f62ef910a5b046b9269fa33cec357d779d25798de1c5f4bab,SVR Section TBD,Not indexed,ecss-ml-assurance-workbench/backend/app/portfolio/seed.py,P1
EVD-CODE-017,Source Code Verification Evidence — service.py,Source Code Verification Evidence,Repository artefact at ecss-ml-assurance-workbench/backend/app/portfolio/service.py,Supports SVR verification evidence set (candidate; acceptance criteria pending review).,backend,PENDING_SVERP,Not identified,Analysis,Software Component,ecss-ml-assurance-workbench/backend/app/portfolio/service.py,Not defined,repository main (untracked),Not assigned,Not assigned,Not assessed,Not defined,Available,Pending,e690894690321549e1c7b0a0e8b47dbe66056b6bd9c2166af79726ec187b5ecd,SVR Section TBD,Not indexed,ecss-ml-assurance-workbench/backend/app/portfolio/service.py,P1
EVD-UT-001,Unit Test Evidence — conftest.py,Unit Test Evidence,Repository artefact at ecss-ml-assurance-workbench/backend/tests/conftest.py,Supports SVR verification evidence set (candidate; acceptance criteria pending review).,backend,PENDING_SVERP,Not identified,Test,Software Component,ecss-ml-assurance-workbench/backend/tests/conftest.py,Not defined,repository main (untracked),Not assigned,Not assigned,Not assessed,Not defined,Available,Pending,ebd8b9371b92414f28cf1dd50b43cd822779aad16064fcf1ed7d2a85cd906e13,SVR Section TBD,Not indexed,ecss-ml-assurance-workbench/backend/tests/conftest.py,P1
EVD-UT-002,Unit Test Evidence — test_continuous_week7.py,Unit Test Evidence,Repository artefact at ecss-ml-assurance-workbench/backend/tests/continuous/test_continuous_week7.py,Supports SVR verification evidence set (candidate; acceptance criteria pending review).,backend,PENDING_SVERP,Not identified,Test,Software Component,ecss-ml-assurance-workbench/backend/tests/continuous/test_continuous_week7.py,Not defined,repository main (untracked),Not assigned,Not assigned,Not assessed,Not defined,Available,Pending,98e9c2e806e67bbdb4cab9d5ef013543de80c36fadf9771bf4591a74122968d6,SVR Section TBD,Not indexed,ecss-ml-assurance-workbench/backend/tests/continuous/test_continuous_week7.py,P1
EVD-UT-003,Unit Test Evidence — test_demo_week6.py,Unit Test Evidence,Repository artefact at ecss-ml-assurance-workbench/backend/tests/demo/test_demo_week6.py,Supports SVR verification evidence set (candidate; acceptance criteria pending review).,backend,PENDING_SVERP,Not identified,Test,Software Component,ecss-ml-assurance-workbench/backend/tests/demo/test_demo_week6.py,Not defined,repository main (untracked),Not assigned,Not assigned,Not assessed,Not defined,Available,Pending,5310b8fd52ee23b94084aa8d2e20d0a3204aa39e79b7c4601ca06299f15a38d1,SVR Section TBD,Not indexed,ecss-ml-assurance-workbench/backend/tests/demo/test_demo_week6.py,P1
EVD-UT-004,Unit Test Evidence — factories.py,Unit Test Evidence,Repository artefact at ecss-ml-assurance-workbench/backend/tests/factories.py,Supports SVR verification evidence set (candidate; acceptance criteria pending review).,backend,PENDING_SVERP,Not identified,Test,Software Component,ecss-ml-assurance-workbench/backend/tests/factories.py,Not defined,repository main (untracked),Not assigned,Not assigned,Not assessed,Not defined,Available,Pending,48be770df456b1abaff9110abca292e5806f2ac96ece7557f740c271002b0def,SVR Section TBD,Not indexed,ecss-ml-assurance-workbench/backend/tests/factories.py,P1
EVD-UT-005,Unit Test Evidence — helpers.py,Unit Test Evidence,Repository artefact at ecss-ml-assurance-workbench/backend/tests/helpers.py,Supports SVR verification evidence set (candidate; acceptance criteria pending review).,backend,PENDING_SVERP,Not identified,Test,Software Component,ecss-ml-assurance-workbench/backend/tests/helpers.py,Not defined,repository main (untracked),Not assigned,Not assigned,Not assessed,Not defined,Available,Pending,a77c33e87b9f1e4369ed7858b828de35afc9f497fb04d5eb0830315684ff70cf,SVR Section TBD,Not indexed,ecss-ml-assurance-workbench/backend/tests/helpers.py,P1
EVD-UT-006,Unit Test Evidence — test_analyzers.py,Unit Test Evidence,Repository artefact at ecss-ml-assurance-workbench/backend/tests/test_analyzers.py,Supports SVR verification evidence set (candidate; acceptance criteria pending review).,backend,PENDING_SVERP,Not identified,Test,Software Component,ecss-ml-assurance-workbench/backend/tests/test_analyzers.py,Not defined,repository main (untracked),Not assigned,Not assigned,Not assessed,Not defined,Available,Pending,a9f8a5a9c6050201c1e0d55b2f0b9d2c7ec466a30f9e4d8e07a4d4f55ffd37b8,SVR Section TBD,Not indexed,ecss-ml-assurance-workbench/backend/tests/test_analyzers.py,P1
EVD-UT-007,Unit Test Evidence — test_assurance_engine_week5.py,Unit Test Evidence,Repository artefact at ecss-ml-assurance-workbench/backend/tests/test_assurance_engine_week5.py,Supports SVR verification evidence set (candidate; acceptance criteria pending review).,backend,PENDING_SVERP,Not identified,Test,Software Component,ecss-ml-assurance-workbench/backend/tests/test_assurance_engine_week5.py,Not defined,repository main (untracked),Not assigned,Not assigned,Not assessed,Not defined,Available,Pending,e353092a45feec304abfce4dcd96eba4a529d7e16362621dea9d5454cdbda022,SVR Section TBD,Not indexed,ecss-ml-assurance-workbench/backend/tests/test_assurance_engine_week5.py,P1
EVD-UT-008,Unit Test Evidence — test_assurance_registry.py,Unit Test Evidence,Repository artefact at ecss-ml-assurance-workbench/backend/tests/test_assurance_registry.py,Supports SVR verification evidence set (candidate; acceptance criteria pending review).,backend,PENDING_SVERP,Not identified,Test,Software Component,ecss-ml-assurance-workbench/backend/tests/test_assurance_registry.py,Not defined,repository main (untracked),Not assigned,Not assigned,Not assessed,Not defined,Available,Pending,c154d8317fca932fc292ae0f41b0d5d1c5e296facaf7ef4c299a30d24c833a8b,SVR Section TBD,Not indexed,ecss-ml-assurance-workbench/backend/tests/test_assurance_registry.py,P1
EVD-UT-009,Unit Test Evidence — test_e2e_flow.py,Unit Test Evidence,Repository artefact at ecss-ml-assurance-workbench/backend/tests/test_e2e_flow.py,Supports SVR verification evidence set (candidate; acceptance criteria pending review).,backend,PENDING_SVERP,Not identified,Test,Software Component,ecss-ml-assurance-workbench/backend/tests/test_e2e_flow.py,Not defined,repository main (untracked),Not assigned,Not assigned,Not assessed,Not defined,Available,Pending,2dcd9894429a86f6e76bcfc71503ba5a6d69267804ffc40467ee89ef2a9cfdac,SVR Section TBD,Not indexed,ecss-ml-assurance-workbench/backend/tests/test_e2e_flow.py,P1
EVD-UT-010,Unit Test Evidence — test_portfolio_week3.py,Unit Test Evidence,Repository artefact at ecss-ml-assurance-workbench/backend/tests/test_portfolio_week3.py,Supports SVR verification evidence set (candidate; acceptance criteria pending review).,backend,PENDING_SVERP,Not identified,Test,Software Component,ecss-ml-assurance-workbench/backend/tests/test_portfolio_week3.py,Not defined,repository main (untracked),Not assigned,Not assigned,Not assessed,Not defined,Available,Pending,6d7184eb794f27229e6c7da2159cd30e2a9d7a85623acfd516ef319eecdd63a9,SVR Section TBD,Not indexed,ecss-ml-assurance-workbench/backend/tests/test_portfolio_week3.py,P1
EVD-UT-011,Unit Test Evidence — test_projects_datasets.py,Unit Test Evidence,Repository artefact at ecss-ml-assurance-workbench/backend/tests/test_projects_datasets.py,Supports SVR verification evidence set (candidate; acceptance criteria pending review).,backend,PENDING_SVERP,Not identified,Test,Software Component,ecss-ml-assurance-workbench/backend/tests/test_projects_datasets.py,Not defined,repository main (untracked),Not assigned,Not assigned,Not assessed,Not defined,Available,Pending,0c61d87476d07ee205ebacd4a96017e0ac011c07233a3165973615723025178e,SVR Section TBD,Not indexed,ecss-ml-assurance-workbench/backend/tests/test_projects_datasets.py,P1
EVD-UT-012,Unit Test Evidence — test_score_reports.py,Unit Test Evidence,Repository artefact at ecss-ml-assurance-workbench/backend/tests/test_score_reports.py,Supports SVR verification evidence set (candidate; acceptance criteria pending review).,backend,PENDING_SVERP,Not identified,Test,Software Component,ecss-ml-assurance-workbench/backend/tests/test_score_reports.py,Not defined,repository main (untracked),Not assigned,Not assigned,Not assessed,Not defined,Available,Pending,8082b3226828cf7633bb71b192fe2276fedf9ff2e79f27204ca1d32b669dc5c4,SVR Section TBD,Not indexed,ecss-ml-assurance-workbench/backend/tests/test_score_reports.py,P1
EVD-ARCH-001,Architecture Verification Evidence — ARCHITECTURE_WEEK6.md,Architecture Verification Evidence,Repository artefact at ecss-ml-assurance-workbench/docs/ARCHITECTURE_WEEK6.md,Supports SVR verification evidence set (candidate; acceptance criteria pending review).,docs,PENDING_SVERP,Not identified,Review,Document,ecss-ml-assurance-workbench/docs/ARCHITECTURE_WEEK6.md,Not defined,repository main (untracked),Not assigned,Not assigned,Not assessed,Not defined,Available,Pending,14689ce1dc57c9b1a5cfce9492a9c200570d9b9bdbb16062c8bf5aa136fcb421,SVR Section TBD,Not indexed,ecss-ml-assurance-workbench/docs/ARCHITECTURE_WEEK6.md,P1
EVD-RVW-001,Review Evidence — ASSURANCE_RULES.md,Review Evidence,Repository artefact at ecss-ml-assurance-workbench/docs/ASSURANCE_RULES.md,Supports SVR verification evidence set (candidate; acceptance criteria pending review).,docs,PENDING_SVERP,Not identified,Review,Document,ecss-ml-assurance-workbench/docs/ASSURANCE_RULES.md,Not defined,repository main (untracked),Not assigned,Not assigned,Not assessed,Not defined,Available,Pending,8803c59df5e498cf23369b096f34ab5ea9223a6d259430480a6d6c3b1d397298,SVR Section TBD,Not indexed,ecss-ml-assurance-workbench/docs/ASSURANCE_RULES.md,P1
EVD-RVW-002,Review Evidence — DEPLOYMENT_GATE.md,Review Evidence,Repository artefact at ecss-ml-assurance-workbench/docs/DEPLOYMENT_GATE.md,Supports SVR verification evidence set (candidate; acceptance criteria pending review).,docs,PENDING_SVERP,Not identified,Review,Document,ecss-ml-assurance-workbench/docs/DEPLOYMENT_GATE.md,Not defined,repository main (untracked),Not assigned,Not assigned,Not assessed,Not defined,Available,Pending,43c10f69c03d487ff1413a2f07dc007baa307860a555dfaac9ee8a84d1d14231,SVR Section TBD,Not indexed,ecss-ml-assurance-workbench/docs/DEPLOYMENT_GATE.md,P1
EVD-RVW-003,Review Evidence — DEPLOYMENT_GUIDE.md,Review Evidence,Repository artefact at ecss-ml-assurance-workbench/docs/DEPLOYMENT_GUIDE.md,Supports SVR verification evidence set (candidate; acceptance criteria pending review).,docs,PENDING_SVERP,Not identified,Review,Document,ecss-ml-assurance-workbench/docs/DEPLOYMENT_GUIDE.md,Not defined,repository main (untracked),Not assigned,Not assigned,Not assessed,Not defined,Available,Pending,e3f1a09683d323b4c3707c46653e22ee812a07b95919214d38888b18e15f5e43,SVR Section TBD,Not indexed,ecss-ml-assurance-workbench/docs/DEPLOYMENT_GUIDE.md,P1
EVD-RVW-004,Review Evidence — MONITORING_GUIDE.md,Review Evidence,Repository artefact at ecss-ml-assurance-workbench/docs/MONITORING_GUIDE.md,Supports SVR verification evidence set (candidate; acceptance criteria pending review).,docs,PENDING_SVERP,Not identified,Review,Document,ecss-ml-assurance-workbench/docs/MONITORING_GUIDE.md,Not defined,repository main (untracked),Not assigned,Not assigned,Not assessed,Not defined,Available,Pending,ac5cafb681317e2d8842db9c05dc4c9ffcd73e807b3fd620ad7906b5c626d7d6,SVR Section TBD,Not indexed,ecss-ml-assurance-workbench/docs/MONITORING_GUIDE.md,P1
EVD-RVW-005,Review Evidence — PACKAGE_VALIDATION.md,Review Evidence,Repository artefact at ecss-ml-assurance-workbench/docs/PACKAGE_VALIDATION.md,Supports SVR verification evidence set (candidate; acceptance criteria pending review).,docs,PENDING_SVERP,Not identified,Review,Document,ecss-ml-assurance-workbench/docs/PACKAGE_VALIDATION.md,Not defined,repository main (untracked),Not assigned,Not assigned,Not assessed,Not defined,Available,Pending,9795693b95f1938d19eea26ce3513630b4fb624703e7d3d97b8734d00f50d95a,SVR Section TBD,Not indexed,ecss-ml-assurance-workbench/docs/PACKAGE_VALIDATION.md,P1
EVD-RES-001,Resource Budget Evidence — PERFORMANCE.md,Resource Budget Evidence,Repository artefact at ecss-ml-assurance-workbench/docs/PERFORMANCE.md,Supports SVR verification evidence set (candidate; acceptance criteria pending review).,docs,PENDING_SVERP,Not identified,Analysis,Software Item,ecss-ml-assurance-workbench/docs/PERFORMANCE.md,Not defined,repository main (untracked),Not assigned,Not assigned,Not assessed,Not defined,Available,Pending,a5200ba3bd778286a13192dad252145c8b86af89671ebebf0d7466782b77a056,SVR Section TBD,Not indexed,ecss-ml-assurance-workbench/docs/PERFORMANCE.md,P1
EVD-RVW-006,Review Evidence — SECURITY_REVIEW.md,Review Evidence,Repository artefact at ecss-ml-assurance-workbench/docs/SECURITY_REVIEW.md,Supports SVR verification evidence set (candidate; acceptance criteria pending review).,docs,PENDING_SVERP,Not identified,Review,Document,ecss-ml-assurance-workbench/docs/SECURITY_REVIEW.md,Not defined,repository main (untracked),Not assigned,Not assigned,Not assessed,Not defined,Available,Pending,676e89176ac32a902accb8d35c9773c49c1375847384740ee4db9b16e7d2b8b9,SVR Section TBD,Not indexed,ecss-ml-assurance-workbench/docs/SECURITY_REVIEW.md,P1
EVD-RVW-007,Review Evidence — WEEK_5_IMPLEMENTATION_REPORT.md,Review Evidence,Repository artefact at ecss-ml-assurance-workbench/docs/WEEK_5_IMPLEMENTATION_REPORT.md,Supports SVR verification evidence set (candidate; acceptance criteria pending review).,docs,PENDING_SVERP,Not identified,Review,Document,ecss-ml-assurance-workbench/docs/WEEK_5_IMPLEMENTATION_REPORT.md,Not defined,repository main (untracked),Not assigned,Not assigned,Not assessed,Not defined,Available,Pending,2a25c863bb8cbacdd3afa1996c70a56cf6a377b09dac1caf8f70914501fba796,SVR Section TBD,Not indexed,ecss-ml-assurance-workbench/docs/WEEK_5_IMPLEMENTATION_REPORT.md,P1
EVD-RVW-008,Review Evidence — WEEK_7_IMPLEMENTATION_REPORT.md,Review Evidence,Repository artefact at ecss-ml-assurance-workbench/docs/WEEK_7_IMPLEMENTATION_REPORT.md,Supports SVR verification evidence set (candidate; acceptance criteria pending review).,docs,PENDING_SVERP,Not identified,Review,Document,ecss-ml-assurance-workbench/docs/WEEK_7_IMPLEMENTATION_REPORT.md,Not defined,repository main (untracked),Not assigned,Not assigned,Not assessed,Not defined,Available,Pending,118e0656e55775c7f7a8081cebc0a8c35e9eede45b3fe0f2e2946df05e29c372,SVR Section TBD,Not indexed,ecss-ml-assurance-workbench/docs/WEEK_7_IMPLEMENTATION_REPORT.md,P1
EVD-RVW-009,Review Evidence — accessibility-review.md,Review Evidence,Repository artefact at ecss-ml-assurance-workbench/docs/accessibility-review.md,Supports SVR verification evidence set (candidate; acceptance criteria pending review).,docs,PENDING_SVERP,Not identified,Review,Document,ecss-ml-assurance-workbench/docs/accessibility-review.md,Not defined,repository main (untracked),Not assigned,Not assigned,Not assessed,Not defined,Available,Pending,93e7c66b16c845bb53f18420c5fa08be71ae3a2360977ce8758dbf410ad5e8ca,SVR Section TBD,Not indexed,ecss-ml-assurance-workbench/docs/accessibility-review.md,P1
EVD-ARCH-002,Architecture Verification Evidence — 0001-normalized-assurance-data-model.md,Architecture Verification Evidence,Repository artefact at ecss-ml-assurance-workbench/docs/adr/0001-normalized-assurance-data-model.md,Supports SVR verification evidence set (candidate; acceptance criteria pending review).,docs,PENDING_SVERP,Not identified,Review,Document,ecss-ml-assurance-workbench/docs/adr/0001-normalized-assurance-data-model.md,Not defined,repository main (untracked),Not assigned,Not assigned,Not assessed,Not defined,Available,Pending,f657f943d8b3efae15b11fdb30e5c2b99f21907f4379d3cb1dd2fc00feac9b72,SVR Section TBD,Not indexed,ecss-ml-assurance-workbench/docs/adr/0001-normalized-assurance-data-model.md,P1
EVD-ARCH-003,Architecture Verification Evidence — 0002-deterministic-gap-rules.md,Architecture Verification Evidence,Repository artefact at ecss-ml-assurance-workbench/docs/adr/0002-deterministic-gap-rules.md,Supports SVR verification evidence set (candidate; acceptance criteria pending review).,docs,PENDING_SVERP,Not identified,Review,Document,ecss-ml-assurance-workbench/docs/adr/0002-deterministic-gap-rules.md,Not defined,repository main (untracked),Not assigned,Not assigned,Not assessed,Not defined,Available,Pending,fc1d875930acfc085c915a8f581138d9e2f608363c965cc989acc5431d96a107,SVR Section TBD,Not indexed,ecss-ml-assurance-workbench/docs/adr/0002-deterministic-gap-rules.md,P1
EVD-ARCH-004,Architecture Verification Evidence — 0003-recommendation-vs-approval.md,Architecture Verification Evidence,Repository artefact at ecss-ml-assurance-workbench/docs/adr/0003-recommendation-vs-approval.md,Supports SVR verification evidence set (candidate; acceptance criteria pending review).,docs,PENDING_SVERP,Not identified,Review,Document,ecss-ml-assurance-workbench/docs/adr/0003-recommendation-vs-approval.md,Not defined,repository main (untracked),Not assigned,Not assigned,Not assessed,Not defined,Available,Pending,a6bf7f2b418089329673b5c0f0a3fd761e7dddcb6c58c4f904495f27abb03ac8,SVR Section TBD,Not indexed,ecss-ml-assurance-workbench/docs/adr/0003-recommendation-vs-approval.md,P1
EVD-ARCH-005,Architecture Verification Evidence — 0004-evidence-package-format.md,Architecture Verification Evidence,Repository artefact at ecss-ml-assurance-workbench/docs/adr/0004-evidence-package-format.md,Supports SVR verification evidence set (candidate; acceptance criteria pending review).,docs,PENDING_SVERP,Not identified,Review,Document,ecss-ml-assurance-workbench/docs/adr/0004-evidence-package-format.md,Not defined,repository main (untracked),Not assigned,Not assigned,Not assessed,Not defined,Available,Pending,b63593b8ed50341d2ec432f5461148bdd7140213c95f251300f7ec0e48c1600f,SVR Section TBD,Not indexed,ecss-ml-assurance-workbench/docs/adr/0004-evidence-package-format.md,P1
EVD-ARCH-006,Architecture Verification Evidence — 0005-synthetic-demo-data-separation.md,Architecture Verification Evidence,Repository artefact at ecss-ml-assurance-workbench/docs/adr/0005-synthetic-demo-data-separation.md,Supports SVR verification evidence set (candidate; acceptance criteria pending review).,docs,PENDING_SVERP,Not identified,Review,Document,ecss-ml-assurance-workbench/docs/adr/0005-synthetic-demo-data-separation.md,Not defined,repository main (untracked),Not assigned,Not assigned,Not assessed,Not defined,Available,Pending,50a278a74d462bbf727f1496c6a4f3ed2ab00a2671da9334ba88b1fbd0a44a26,SVR Section TBD,Not indexed,ecss-ml-assurance-workbench/docs/adr/0005-synthetic-demo-data-separation.md,P1
EVD-ARCH-007,Architecture Verification Evidence — 0006-file-system-security-boundaries.md,Architecture Verification Evidence,Repository artefact at ecss-ml-assurance-workbench/docs/adr/0006-file-system-security-boundaries.md,Supports SVR verification evidence set (candidate; acceptance criteria pending review).,docs,PENDING_SVERP,Not identified,Review,Document,ecss-ml-assurance-workbench/docs/adr/0006-file-system-security-boundaries.md,Not defined,repository main (untracked),Not assigned,Not assigned,Not assessed,Not defined,Available,Pending,fd7680b53e1b741c0276f17d93dee6cc51cd297b2c7aec198d62c54d180f8cc5,SVR Section TBD,Not indexed,ecss-ml-assurance-workbench/docs/adr/0006-file-system-security-boundaries.md,P1
EVD-ARCH-008,Architecture Verification Evidence — 0007-output-directory-strategy.md,Architecture Verification Evidence,Repository artefact at ecss-ml-assurance-workbench/docs/adr/0007-output-directory-strategy.md,Supports SVR verification evidence set (candidate; acceptance criteria pending review).,docs,PENDING_SVERP,Not identified,Review,Document,ecss-ml-assurance-workbench/docs/adr/0007-output-directory-strategy.md,Not defined,repository main (untracked),Not assigned,Not assigned,Not assessed,Not defined,Available,Pending,74ca594ccb21768c147291925af6c3d938604b8f5e9cee73bb3bc15be40f34b6,SVR Section TBD,Not indexed,ecss-ml-assurance-workbench/docs/adr/0007-output-directory-strategy.md,P1
EVD-RVW-010,Review Evidence — api.md,Review Evidence,Repository artefact at ecss-ml-assurance-workbench/docs/api.md,Supports SVR verification evidence set (candidate; acceptance criteria pending review).,docs,PENDING_SVERP,Not identified,Review,Document,ecss-ml-assurance-workbench/docs/api.md,Not defined,repository main (untracked),Not assigned,Not assigned,Not assessed,Not defined,Available,Pending,9a19268666d9cbedc2211bbbcc7860dec2b50271a10a198d2f5cbeca6c4849ec,SVR Section TBD,Not indexed,ecss-ml-assurance-workbench/docs/api.md,P1
EVD-RVW-011,Review Evidence — architecture.md,Review Evidence,Repository artefact at ecss-ml-assurance-workbench/docs/architecture.md,Supports SVR verification evidence set (candidate; acceptance criteria pending review).,docs,PENDING_SVERP,Not identified,Review,Document,ecss-ml-assurance-workbench/docs/architecture.md,Not defined,repository main (untracked),Not assigned,Not assigned,Not assessed,Not defined,Available,Pending,0a80da584d52a6f181a354636193e3317101f1c73d9fea43e82783ae40320cdf,SVR Section TBD,Not indexed,ecss-ml-assurance-workbench/docs/architecture.md,P1
EVD-RVW-012,Review Evidence — assurance-registry.md,Review Evidence,Repository artefact at ecss-ml-assurance-workbench/docs/assurance-registry.md,Supports SVR verification evidence set (candidate; acceptance criteria pending review).,docs,PENDING_SVERP,Not identified,Review,Document,ecss-ml-assurance-workbench/docs/assurance-registry.md,Not defined,repository main (untracked),Not assigned,Not assigned,Not assessed,Not defined,Available,Pending,231f1df2b9c571f802fda564a65ec0b23bdd1272765a94eecbf589da921e55ff,SVR Section TBD,Not indexed,ecss-ml-assurance-workbench/docs/assurance-registry.md,P1
EVD-RVW-013,Review Evidence — cv-maintenance.md,Review Evidence,Repository artefact at ecss-ml-assurance-workbench/docs/cv-maintenance.md,Supports SVR verification evidence set (candidate; acceptance criteria pending review).,docs,PENDING_SVERP,Not identified,Review,Document,ecss-ml-assurance-workbench/docs/cv-maintenance.md,Not defined,repository main (untracked),Not assigned,Not assigned,Not assessed,Not defined,Available,Pending,69e4d9ed87f3f3b033558b45c885c147ab4361edff6eb85f6eb189400712501a,SVR Section TBD,Not indexed,ecss-ml-assurance-workbench/docs/cv-maintenance.md,P1
EVD-RVW-014,Review Evidence — data-readiness-methodology.md,Review Evidence,Repository artefact at ecss-ml-assurance-workbench/docs/data-readiness-methodology.md,Supports SVR verification evidence set (candidate; acceptance criteria pending review).,docs,PENDING_SVERP,Not identified,Review,Document,ecss-ml-assurance-workbench/docs/data-readiness-methodology.md,Not defined,repository main (untracked),Not assigned,Not assigned,Not assessed,Not defined,Available,Pending,0a2140077f9c99ab4be871cc9d4b6a11e42cb733ccbaf6725b86a8bdc9b36b3a,SVR Section TBD,Not indexed,ecss-ml-assurance-workbench/docs/data-readiness-methodology.md,P1
EVD-RVW-015,Review Evidence — deployment-decision-method.md,Review Evidence,Repository artefact at ecss-ml-assurance-workbench/docs/deployment-decision-method.md,Supports SVR verification evidence set (candidate; acceptance criteria pending review).,docs,PENDING_SVERP,Not identified,Review,Document,ecss-ml-assurance-workbench/docs/deployment-decision-method.md,Not defined,repository main (untracked),Not assigned,Not assigned,Not assessed,Not defined,Available,Pending,b550df7ceffa7cecec668dfa1b0275b4ffb58f60176721c25ea358361fc06f8b,SVR Section TBD,Not indexed,ecss-ml-assurance-workbench/docs/deployment-decision-method.md,P1
EVD-RVW-016,Review Evidence — deployment-guide.md,Review Evidence,Repository artefact at ecss-ml-assurance-workbench/docs/deployment-guide.md,Supports SVR verification evidence set (candidate; acceptance criteria pending review).,docs,PENDING_SVERP,Not identified,Review,Document,ecss-ml-assurance-workbench/docs/deployment-guide.md,Not defined,repository main (untracked),Not assigned,Not assigned,Not assessed,Not defined,Available,Pending,e4ae8464afa533d35f735e410c3bedd141f3910cbe469709e31b9b727fc60441,SVR Section TBD,Not indexed,ecss-ml-assurance-workbench/docs/deployment-guide.md,P1
EVD-RVW-017,Review Evidence — evidence-package-schema.md,Review Evidence,Repository artefact at ecss-ml-assurance-workbench/docs/evidence-package-schema.md,Supports SVR verification evidence set (candidate; acceptance criteria pending review).,docs,PENDING_SVERP,Not identified,Review,Document,ecss-ml-assurance-workbench/docs/evidence-package-schema.md,Not defined,repository main (untracked),Not assigned,Not assigned,Not assessed,Not defined,Available,Pending,cbf9d88374f938a03f507a4ec6c8d6f534c6f01360376d9ff0fcc66dbdf8273b,SVR Section TBD,Not indexed,ecss-ml-assurance-workbench/docs/evidence-package-schema.md,P1
EVD-RVW-018,Review Evidence — known-limitations.md,Review Evidence,Repository artefact at ecss-ml-assurance-workbench/docs/known-limitations.md,Supports SVR verification evidence set (candidate; acceptance criteria pending review).,docs,PENDING_SVERP,Not identified,Review,Document,ecss-ml-assurance-workbench/docs/known-limitations.md,Not defined,repository main (untracked),Not assigned,Not assigned,Not assessed,Not defined,Available,Pending,bc8660ef4af992ae89649f6c59a0c0c2362a0f832a3ecb38e7c3cb9cfcd7dee3,SVR Section TBD,Not indexed,ecss-ml-assurance-workbench/docs/known-limitations.md,P1
EVD-RVW-019,Review Evidence — portfolio-content-architecture.md,Review Evidence,Repository artefact at ecss-ml-assurance-workbench/docs/portfolio-content-architecture.md,Supports SVR verification evidence set (candidate; acceptance criteria pending review).,docs,PENDING_SVERP,Not identified,Review,Document,ecss-ml-assurance-workbench/docs/portfolio-content-architecture.md,Not defined,repository main (untracked),Not assigned,Not assigned,Not assessed,Not defined,Available,Pending,4566445dff800c07ddb341a2785f95ae295b43be051e0d1933e870a4cfe753c5,SVR Section TBD,Not indexed,ecss-ml-assurance-workbench/docs/portfolio-content-architecture.md,P1
EVD-RVW-020,Review Evidence — publication-workflow.md,Review Evidence,Repository artefact at ecss-ml-assurance-workbench/docs/publication-workflow.md,Supports SVR verification evidence set (candidate; acceptance criteria pending review).,docs,PENDING_SVERP,Not identified,Review,Document,ecss-ml-assurance-workbench/docs/publication-workflow.md,Not defined,repository main (untracked),Not assigned,Not assigned,Not assessed,Not defined,Available,Pending,7fd517304af4ae4c33ad2f618ec3c9b9546b9d41dabac679ad37e638e40ade10,SVR Section TBD,Not indexed,ecss-ml-assurance-workbench/docs/publication-workflow.md,P1
EVD-RVW-021,Review Evidence — release-checklist.md,Review Evidence,Repository artefact at ecss-ml-assurance-workbench/docs/release-checklist.md,Supports SVR verification evidence set (candidate; acceptance criteria pending review).,docs,PENDING_SVERP,Not identified,Review,Document,ecss-ml-assurance-workbench/docs/release-checklist.md,Not defined,repository main (untracked),Not assigned,Not assigned,Not assessed,Not defined,Available,Pending,dc6d9660ab13fbb3c9044bfa2fbdaa6c800a6ad6e6a85b859fec57acfab434f9,SVR Section TBD,Not indexed,ecss-ml-assurance-workbench/docs/release-checklist.md,P1
EVD-RVW-022,Review Evidence — residual-risk-method.md,Review Evidence,Repository artefact at ecss-ml-assurance-workbench/docs/residual-risk-method.md,Supports SVR verification evidence set (candidate; acceptance criteria pending review).,docs,PENDING_SVERP,Not identified,Review,Document,ecss-ml-assurance-workbench/docs/residual-risk-method.md,Not defined,repository main (untracked),Not assigned,Not assigned,Not assessed,Not defined,Available,Pending,1d4b303978445565879aa5183d6b64f049ba616d8469653e8e2d1ece571be9cb,SVR Section TBD,Not indexed,ecss-ml-assurance-workbench/docs/residual-risk-method.md,P1
EVD-RVW-023,Review Evidence — security-evidence-package.md,Review Evidence,Repository artefact at ecss-ml-assurance-workbench/docs/security-evidence-package.md,Supports SVR verification evidence set (candidate; acceptance criteria pending review).,docs,PENDING_SVERP,Not identified,Review,Document,ecss-ml-assurance-workbench/docs/security-evidence-package.md,Not defined,repository main (untracked),Not assigned,Not assigned,Not assessed,Not defined,Available,Pending,ae190e64fd515dc4c0ce852522a41c614fce6e1b247164c2f8d7f6e49956afa7,SVR Section TBD,Not indexed,ecss-ml-assurance-workbench/docs/security-evidence-package.md,P1
EVD-RVW-024,Review Evidence — security-review.md,Review Evidence,Repository artefact at ecss-ml-assurance-workbench/docs/security-review.md,Supports SVR verification evidence set (candidate; acceptance criteria pending review).,docs,PENDING_SVERP,Not identified,Review,Document,ecss-ml-assurance-workbench/docs/security-review.md,Not defined,repository main (untracked),Not assigned,Not assigned,Not assessed,Not defined,Available,Pending,29d52395461fce7a17634f46b505b23a3e8f4b845f0df93e620580c0833cc60f,SVR Section TBD,Not indexed,ecss-ml-assurance-workbench/docs/security-review.md,P1
EVD-RVW-025,Review Evidence — seo-and-metadata.md,Review Evidence,Repository artefact at ecss-ml-assurance-workbench/docs/seo-and-metadata.md,Supports SVR verification evidence set (candidate; acceptance criteria pending review).,docs,PENDING_SVERP,Not identified,Review,Document,ecss-ml-assurance-workbench/docs/seo-and-metadata.md,Not defined,repository main (untracked),Not assigned,Not assigned,Not assessed,Not defined,Available,Pending,8f403aa2ad2365fcf63fb1b9c168ae02362e5e2ae313cf73c5fb4ca6667dd3cd,SVR Section TBD,Not indexed,ecss-ml-assurance-workbench/docs/seo-and-metadata.md,P1
EVD-RVW-026,Review Evidence — test-plan-week-3.md,Review Evidence,Repository artefact at ecss-ml-assurance-workbench/docs/test-plan-week-3.md,Supports SVR verification evidence set (candidate; acceptance criteria pending review).,docs,PENDING_SVERP,Not identified,Review,Document,ecss-ml-assurance-workbench/docs/test-plan-week-3.md,Not defined,repository main (untracked),Not assigned,Not assigned,Not assessed,Not defined,Available,Pending,041a5f07557997ac105c944920a1d2e5b015bf50bda5fbe38cec413ed0b0df54,SVR Section TBD,Not indexed,ecss-ml-assurance-workbench/docs/test-plan-week-3.md,P1
EVD-RVW-027,Review Evidence — test-plan-week-4.md,Review Evidence,Repository artefact at ecss-ml-assurance-workbench/docs/test-plan-week-4.md,Supports SVR verification evidence set (candidate; acceptance criteria pending review).,docs,PENDING_SVERP,Not identified,Review,Document,ecss-ml-assurance-workbench/docs/test-plan-week-4.md,Not defined,repository main (untracked),Not assigned,Not assigned,Not assessed,Not defined,Available,Pending,de4ae2589f7e69dedbfd89ee97b504dd8e1204dd003b5ef002112ebce717d08b,SVR Section TBD,Not indexed,ecss-ml-assurance-workbench/docs/test-plan-week-4.md,P1
EVD-RVW-028,Review Evidence — test-plan.md,Review Evidence,Repository artefact at ecss-ml-assurance-workbench/docs/test-plan.md,Supports SVR verification evidence set (candidate; acceptance criteria pending review).,docs,PENDING_SVERP,Not identified,Review,Document,ecss-ml-assurance-workbench/docs/test-plan.md,Not defined,repository main (untracked),Not assigned,Not assigned,Not assessed,Not defined,Available,Pending,adaf6db291b15ff39fc6cc77e2b266ded2aafb86c151f2a0c1b75aae9210ac55,SVR Section TBD,Not indexed,ecss-ml-assurance-workbench/docs/test-plan.md,P1
EVD-RVW-029,Review Evidence — traceability-model.md,Review Evidence,Repository artefact at ecss-ml-assurance-workbench/docs/traceability-model.md,Supports SVR verification evidence set (candidate; acceptance criteria pending review).,docs,PENDING_SVERP,Not identified,Review,Document,ecss-ml-assurance-workbench/docs/traceability-model.md,Not defined,repository main (untracked),Not assigned,Not assigned,Not assessed,Not defined,Available,Pending,cbfe9de657dca682f3dca1b0cb9182315c0fb417de2b4de2f57bd189c99d7b60,SVR Section TBD,Not indexed,ecss-ml-assurance-workbench/docs/traceability-model.md,P1
EVD-RVW-030,Review Evidence — week-3-project-integration.md,Review Evidence,Repository artefact at ecss-ml-assurance-workbench/docs/week-3-project-integration.md,Supports SVR verification evidence set (candidate; acceptance criteria pending review).,docs,PENDING_SVERP,Not identified,Review,Document,ecss-ml-assurance-workbench/docs/week-3-project-integration.md,Not defined,repository main (untracked),Not assigned,Not assigned,Not assessed,Not defined,Available,Pending,00405a772ba3e657ef778fdb51ee7ec68e81697941af5ccdc1bd24da5807ad86,SVR Section TBD,Not indexed,ecss-ml-assurance-workbench/docs/week-3-project-integration.md,P1
EVD-RVW-031,Review Evidence — week-4-professional-launch.md,Review Evidence,Repository artefact at ecss-ml-assurance-workbench/docs/week-4-professional-launch.md,Supports SVR verification evidence set (candidate; acceptance criteria pending review).,docs,PENDING_SVERP,Not identified,Review,Document,ecss-ml-assurance-workbench/docs/week-4-professional-launch.md,Not defined,repository main (untracked),Not assigned,Not assigned,Not assessed,Not defined,Available,Pending,ebc879f7c2acbb1556d54943e6236e47ede2aaa9f83a433318dd70d5d2978cf8,SVR Section TBD,Not indexed,ecss-ml-assurance-workbench/docs/week-4-professional-launch.md,P1
EVD-RVW-032,Review Evidence — week-8-production-readiness.md,Review Evidence,Repository artefact at ecss-ml-assurance-workbench/docs/week-8-production-readiness.md,Supports SVR verification evidence set (candidate; acceptance criteria pending review).,docs,PENDING_SVERP,Not identified,Review,Document,ecss-ml-assurance-workbench/docs/week-8-production-readiness.md,Not defined,repository main (untracked),Not assigned,Not assigned,Not assessed,Not defined,Available,Pending,82f0da7a5565a5f5e3ac58fbb2205b92e0693c9fcb5da2544843f6da4fbd079c,SVR Section TBD,Not indexed,ecss-ml-assurance-workbench/docs/week-8-production-readiness.md,P1
EVD-UT-013,Unit Test Evidence — FindingsExplorer.test.tsx,Unit Test Evidence,Repository artefact at ecss-ml-assurance-workbench/frontend/src/components/features/__tests__/FindingsExplorer.test.tsx,Supports SVR verification evidence set (candidate; acceptance criteria pending review).,frontend,PENDING_SVERP,Not identified,Test,Software Component,ecss-ml-assurance-workbench/frontend/src/components/features/__tests__/FindingsExplorer.test.tsx,Not defined,repository main (untracked),Not assigned,Not assigned,Not assessed,Not defined,Available,Pending,b384f654e514983c249e623fca9f7da14a71866fc99a4bc8f00e9a2be19cc36c,SVR Section TBD,Not indexed,ecss-ml-assurance-workbench/frontend/src/components/features/__tests__/FindingsExplorer.test.tsx,P1
EVD-UT-014,Unit Test Evidence — assurance.test.tsx,Unit Test Evidence,Repository artefact at ecss-ml-assurance-workbench/frontend/src/pages/__tests__/assurance.test.tsx,Supports SVR verification evidence set (candidate; acceptance criteria pending review).,frontend,PENDING_SVERP,Not identified,Test,Software Component,ecss-ml-assurance-workbench/frontend/src/pages/__tests__/assurance.test.tsx,Not defined,repository main (untracked),Not assigned,Not assigned,Not assessed,Not defined,Available,Pending,f81e50f649a9931b5c1b3dab3e03282949b69f8f3a08a36fcbd20412067b1292,SVR Section TBD,Not indexed,ecss-ml-assurance-workbench/frontend/src/pages/__tests__/assurance.test.tsx,P1
EVD-UT-015,Unit Test Evidence — pages.test.tsx,Unit Test Evidence,Repository artefact at ecss-ml-assurance-workbench/frontend/src/pages/__tests__/pages.test.tsx,Supports SVR verification evidence set (candidate; acceptance criteria pending review).,frontend,PENDING_SVERP,Not identified,Test,Software Component,ecss-ml-assurance-workbench/frontend/src/pages/__tests__/pages.test.tsx,Not defined,repository main (untracked),Not assigned,Not assigned,Not assessed,Not defined,Available,Pending,3a9e2d7526f6394514dc589efae6ae461a26b817dfc1438f15dc9eb79be3f9d5,SVR Section TBD,Not indexed,ecss-ml-assurance-workbench/frontend/src/pages/__tests__/pages.test.tsx,P1
EVD-UT-016,Unit Test Evidence — portfolio.test.tsx,Unit Test Evidence,Repository artefact at ecss-ml-assurance-workbench/frontend/src/pages/__tests__/portfolio.test.tsx,Supports SVR verification evidence set (candidate; acceptance criteria pending review).,frontend,PENDING_SVERP,Not identified,Test,Software Component,ecss-ml-assurance-workbench/frontend/src/pages/__tests__/portfolio.test.tsx,Not defined,repository main (untracked),Not assigned,Not assigned,Not assessed,Not defined,Available,Pending,52cce405eaf5d64502dda3dd8ca1ef0d32817c5e31f04a9fda222136f934e5be,SVR Section TBD,Not indexed,ecss-ml-assurance-workbench/frontend/src/pages/__tests__/portfolio.test.tsx,P1
EVD-UT-017,Unit Test Evidence — site.test.tsx,Unit Test Evidence,Repository artefact at ecss-ml-assurance-workbench/frontend/src/pages/site/__tests__/site.test.tsx,Supports SVR verification evidence set (candidate; acceptance criteria pending review).,frontend,PENDING_SVERP,Not identified,Test,Software Component,ecss-ml-assurance-workbench/frontend/src/pages/site/__tests__/site.test.tsx,Not defined,repository main (untracked),Not assigned,Not assigned,Not assessed,Not defined,Available,Pending,5716ac60a8046199b7a3123534d8a95fb2bf2f52214bb2b7aa5c34d4b285f6dc,SVR Section TBD,Not indexed,ecss-ml-assurance-workbench/frontend/src/pages/site/__tests__/site.test.tsx,P1
EVD-RVW-033,Review Evidence — CV_PROJECT_DESCRIPTION.md,Review Evidence,Repository artefact at ecss-ml-assurance-workbench/portfolio/CV_PROJECT_DESCRIPTION.md,Supports SVR verification evidence set (candidate; acceptance criteria pending review).,portfolio,PENDING_SVERP,Not identified,Review,Document,ecss-ml-assurance-workbench/portfolio/CV_PROJECT_DESCRIPTION.md,Not defined,repository main (untracked),Not assigned,Not assigned,Not assessed,Not defined,Available,Pending,3d9abf2a45f29216af07e0c7b059c06a36fdd70705d140b929d9396c5d568235,SVR Section TBD,Not indexed,ecss-ml-assurance-workbench/portfolio/CV_PROJECT_DESCRIPTION.md,P1
EVD-RVW-034,Review Evidence — DEMO_SCRIPT.md,Review Evidence,Repository artefact at ecss-ml-assurance-workbench/portfolio/DEMO_SCRIPT.md,Supports SVR verification evidence set (candidate; acceptance criteria pending review).,portfolio,PENDING_SVERP,Not identified,Review,Document,ecss-ml-assurance-workbench/portfolio/DEMO_SCRIPT.md,Not defined,repository main (untracked),Not assigned,Not assigned,Not assessed,Not defined,Available,Pending,6bc24c1cd422670916f96359939df3af67ce4c7c8c55c641dbd3cb54ce83f8e7,SVR Section TBD,Not indexed,ecss-ml-assurance-workbench/portfolio/DEMO_SCRIPT.md,P1
EVD-RVW-035,Review Evidence — INTERVIEW_TALK_TRACK.md,Review Evidence,Repository artefact at ecss-ml-assurance-workbench/portfolio/INTERVIEW_TALK_TRACK.md,Supports SVR verification evidence set (candidate; acceptance criteria pending review).,portfolio,PENDING_SVERP,Not identified,Review,Document,ecss-ml-assurance-workbench/portfolio/INTERVIEW_TALK_TRACK.md,Not defined,repository main (untracked),Not assigned,Not assigned,Not assessed,Not defined,Available,Pending,edfbf583ca7002a120b3cf6378cec62664173edcc2fb0ae2a11aee33059229c9,SVR Section TBD,Not indexed,ecss-ml-assurance-workbench/portfolio/INTERVIEW_TALK_TRACK.md,P1
EVD-RVW-036,Review Evidence — LINKEDIN_PROJECT_DESCRIPTION.md,Review Evidence,Repository artefact at ecss-ml-assurance-workbench/portfolio/LINKEDIN_PROJECT_DESCRIPTION.md,Supports SVR verification evidence set (candidate; acceptance criteria pending review).,portfolio,PENDING_SVERP,Not identified,Review,Document,ecss-ml-assurance-workbench/portfolio/LINKEDIN_PROJECT_DESCRIPTION.md,Not defined,repository main (untracked),Not assigned,Not assigned,Not assessed,Not defined,Available,Pending,0cbacce86622a45a8ce3304368047f095d8129845c166e2b334ed80c6f431d09,SVR Section TBD,Not indexed,ecss-ml-assurance-workbench/portfolio/LINKEDIN_PROJECT_DESCRIPTION.md,P1
EVD-RVW-037,Review Evidence — PROJECT_OVERVIEW.md,Review Evidence,Repository artefact at ecss-ml-assurance-workbench/portfolio/PROJECT_OVERVIEW.md,Supports SVR verification evidence set (candidate; acceptance criteria pending review).,portfolio,PENDING_SVERP,Not identified,Review,Document,ecss-ml-assurance-workbench/portfolio/PROJECT_OVERVIEW.md,Not defined,repository main (untracked),Not assigned,Not assigned,Not assessed,Not defined,Available,Pending,247a19e5bc527317e7955bf1b0e561fd7df5f8ecbdac4d944be8267490b98512,SVR Section TBD,Not indexed,ecss-ml-assurance-workbench/portfolio/PROJECT_OVERVIEW.md,P1
EVD-RVW-038,Review Evidence — SCREENSHOT_PLAN.md,Review Evidence,Repository artefact at ecss-ml-assurance-workbench/portfolio/SCREENSHOT_PLAN.md,Supports SVR verification evidence set (candidate; acceptance criteria pending review).,portfolio,PENDING_SVERP,Not identified,Review,Document,ecss-ml-assurance-workbench/portfolio/SCREENSHOT_PLAN.md,Not defined,repository main (untracked),Not assigned,Not assigned,Not assessed,Not defined,Available,Pending,45cd75f49c62ba05cc7b5541afbaa0aa9b805810f7b1d8adef8733096b63ce93,SVR Section TBD,Not indexed,ecss-ml-assurance-workbench/portfolio/SCREENSHOT_PLAN.md,P1
EVD-RVW-039,Review Evidence — SKILLS_DEMONSTRATED.md,Review Evidence,Repository artefact at ecss-ml-assurance-workbench/portfolio/SKILLS_DEMONSTRATED.md,Supports SVR verification evidence set (candidate; acceptance criteria pending review).,portfolio,PENDING_SVERP,Not identified,Review,Document,ecss-ml-assurance-workbench/portfolio/SKILLS_DEMONSTRATED.md,Not defined,repository main (untracked),Not assigned,Not assigned,Not assessed,Not defined,Available,Pending,94c030e39b4801dc4a377df9fe346a8165c69522d3d7b6597137aa0bbb6108cb,SVR Section TBD,Not indexed,ecss-ml-assurance-workbench/portfolio/SKILLS_DEMONSTRATED.md,P1
EVD-RVW-040,Review Evidence — TECHNICAL_SUMMARY.md,Review Evidence,Repository artefact at ecss-ml-assurance-workbench/portfolio/TECHNICAL_SUMMARY.md,Supports SVR verification evidence set (candidate; acceptance criteria pending review).,portfolio,PENDING_SVERP,Not identified,Review,Document,ecss-ml-assurance-workbench/portfolio/TECHNICAL_SUMMARY.md,Not defined,repository main (untracked),Not assigned,Not assigned,Not assessed,Not defined,Available,Pending,462719a5fbd0d4d637da9255f7599594f93a2a29724f7c2db7a243929b8b0f38,SVR Section TBD,Not indexed,ecss-ml-assurance-workbench/portfolio/TECHNICAL_SUMMARY.md,P1
EVD-RVW-041,Review Evidence — gnc-sensor-fusion-safety-cage-case-study.md,Review Evidence,Repository artefact at ecss-ml-assurance-workbench/portfolio/gnc-sensor-fusion-safety-cage-case-study.md,Supports SVR verification evidence set (candidate; acceptance criteria pending review).,portfolio,PENDING_SVERP,Not identified,Review,Document,ecss-ml-assurance-workbench/portfolio/gnc-sensor-fusion-safety-cage-case-study.md,Not defined,repository main (untracked),Not assigned,Not assigned,Not assessed,Not defined,Available,Pending,bd94162e112f32645fff390d1af08c7f20cab17c4528ba0f8a4ce73ab1ba6fb4,SVR Section TBD,Not indexed,ecss-ml-assurance-workbench/portfolio/gnc-sensor-fusion-safety-cage-case-study.md,P1
EVD-RVW-042,Review Evidence — real-time-embedded-ai-case-study.md,Review Evidence,Repository artefact at ecss-ml-assurance-workbench/portfolio/real-time-embedded-ai-case-study.md,Supports SVR verification evidence set (candidate; acceptance criteria pending review).,portfolio,PENDING_SVERP,Not identified,Review,Document,ecss-ml-assurance-workbench/portfolio/real-time-embedded-ai-case-study.md,Not defined,repository main (untracked),Not assigned,Not assigned,Not assessed,Not defined,Available,Pending,2afd93bcd03b0f9775687b75cc150e854e374bc4c337285e5514a27790878daa,SVR Section TBD,Not indexed,ecss-ml-assurance-workbench/portfolio/real-time-embedded-ai-case-study.md,P1
EVD-CM-001,Configuration Management Evidence — backup-20260902T124655Z.zip,Configuration Management Evidence,Repository artefact at ecss-ml-assurance-workbench/release/backup-20260902T124655Z.zip,Supports SVR verification evidence set (candidate; acceptance criteria pending review).,release,PENDING_SVERP,Not identified,Test,Process,ecss-ml-assurance-workbench/release/backup-20260902T124655Z.zip,Not defined,repository main (untracked),Not assigned,Not assigned,Not assessed,Not defined,Available,Pending,e79f078844574de7d288992a43f4941d67d6c0dfb7171bd7f0c12831896eae8e,SVR Section TBD,Not indexed,ecss-ml-assurance-workbench/release/backup-20260902T124655Z.zip,P1
EVD-CLS-001,Verification Closure Evidence — quality-gate-report.json,Verification Closure Evidence,Repository artefact at ecss-ml-assurance-workbench/release/quality-gate-report.json,Supports SVR verification evidence set (candidate; acceptance criteria pending review).,release,PENDING_SVERP,Not identified,Test,Process,ecss-ml-assurance-workbench/release/quality-gate-report.json,Not defined,repository main (untracked),Not assigned,Not assigned,Not assessed,Not defined,Available,Pending,c5fb7577c0bc98af8f19b6d1d8ae899a23d8e7d5ce2cbf08d825f36a02104a23,SVR Section TBD,Not indexed,ecss-ml-assurance-workbench/release/quality-gate-report.json,P1
EVD-CLS-002,Verification Closure Evidence — quality-gate-report.md,Verification Closure Evidence,Repository artefact at ecss-ml-assurance-workbench/release/quality-gate-report.md,Supports SVR verification evidence set (candidate; acceptance criteria pending review).,release,PENDING_SVERP,Not identified,Test,Process,ecss-ml-assurance-workbench/release/quality-gate-report.md,Not defined,repository main (untracked),Not assigned,Not assigned,Not assessed,Not defined,Available,Pending,aa47c69206bd55ad9ec4a55a33260759e2f6158a38272a39168d2ec1f0523dd0,SVR Section TBD,Not indexed,ecss-ml-assurance-workbench/release/quality-gate-report.md,P1
EVD-TOOL-001,Tool Qualification or Tool Confidence Evidence — sbom.json,Tool Qualification or Tool Confidence Evidence,Repository artefact at ecss-ml-assurance-workbench/security/sbom.json,Supports SVR verification evidence set (candidate; acceptance criteria pending review).,security,PENDING_SVERP,Not identified,Analysis,Tool or Environment,ecss-ml-assurance-workbench/security/sbom.json,Not defined,repository main (untracked),Not assigned,Not assigned,Not assessed,Not defined,Available,Pending,b8030e1ad2ebde3ac0d518c9bf599982f7cc52238b096da33ee150545670a107,SVR Section TBD,Not indexed,ecss-ml-assurance-workbench/security/sbom.json,P1
