timestamp,satellite_id,bus_voltage,battery_temperature,reaction_wheel_speed,sun_sensor_intensity,operating_mode,anomaly_label,hardware_version
2026-02-02T08:00:10Z,SAT-1000,,18.75,1553.5,0.4475,NOMINAL,1,HW-A2
2026-02-02T08:00:20Z,SAT-1001,27.742,19.61,1435.4,0.3083,NOMINAL,0,HW-A2
2026-02-02T08:00:30Z,SAT-1002,27.415,18.44,1527.4,0.2068,NOMINAL,0,HW-A2
2026-02-02T08:00:40Z,SAT-1003,28.687,19.43,1526.1,0.547,NOMINAL,0,HW-A2
2026-02-02T08:00:50Z,SAT-1004,,17.58,1484.3,0.3767,NOMINAL,0,HW-A2
2026-02-02T08:01:00Z,SAT-1000,28.838,20.55,1408.5,0.4214,NOMINAL,0,HW-A2
2026-02-02T08:01:10Z,SAT-1001,27.762,18.92,1477.1,0.2273,NOMINAL,0,HW-A2
2026-02-02T08:01:20Z,SAT-1002,28.938,19.54,1487.6,0.8746,NOMINAL,0,HW-A2
2026-02-02T08:01:30Z,SAT-1003,26.854,20.02,1452.4,0.8823,NOMINAL,0,HW-A2
2026-02-02T08:01:40Z,SAT-1004,28.41,20.11,1481.9,0.1907,NOMINAL,0,HW-A2
2026-02-02T08:01:50Z,SAT-1000,,18.51,1497.0,0.2306,NOMINAL,0,HW-A2
2026-02-02T08:02:00Z,SAT-1001,,20.25,1468.7,0.5362,NOMINAL,0,HW-A2
2026-02-02T08:02:10Z,SAT-1002,28.033,19.85,1467.8,0.3131,NOMINAL,0,HW-A2
2026-02-02T08:02:20Z,SAT-1003,,18.15,1531.7,0.7118,NOMINAL,0,HW-A2
2026-02-02T08:02:30Z,SAT-1004,28.201,21.71,1407.4,0.5515,NOMINAL,0,HW-A2
2026-02-02T08:02:40Z,SAT-1000,28.943,20.95,1527.9,0.2006,NOMINAL,0,HW-A2
2026-02-02T08:02:50Z,SAT-1001,28.192,18.82,1475.8,0.7424,NOMINAL,0,HW-A2
2026-02-02T08:03:00Z,SAT-1002,27.367,19.14,1455.1,0.8232,NOMINAL,0,HW-A2
2026-02-02T08:03:10Z,SAT-1003,27.99,18.15,1558.7,0.3755,NOMINAL,0,HW-A2
2026-02-02T08:03:20Z,SAT-1004,,18.89,1453.8,0.3691,NOMINAL,0,HW-A2
2026-02-02T08:03:30Z,SAT-1000,19.562,18.43,1522.5,0.0334,NOMINAL,0,HW-A2
2026-02-02T08:03:40Z,SAT-1001,28.983,20.19,1524.3,0.2195,NOMINAL,0,HW-A2
2026-02-02T08:03:50Z,SAT-1002,20.502,17.36,1446.0,0.7363,STANDBY,0,HW-A2
2026-02-02T08:04:00Z,SAT-1003,27.276,19.11,1495.6,0.891,NOMINAL,0,HW-A2
2026-02-02T08:04:10Z,SAT-1004,28.335,17.45,1453.2,0.0419,NOMINAL,0,HW-A2
2026-02-02T08:04:20Z,SAT-1000,27.707,18.39,1488.1,0.6495,NOMINAL,0,HW-A2
2026-02-02T08:04:30Z,SAT-1001,28.573,20.3,1487.1,0.5571,NOMINAL,0,HW-A2
2026-02-02T08:04:40Z,SAT-1002,,18.48,1602.0,0.6622,NOMINAL,0,HW-A2
2026-02-02T08:04:50Z,SAT-1003,28.37,18.0,1499.2,0.2843,NOMINAL,0,HW-A2
2026-02-02T08:05:00Z,SAT-1004,28.862,19.04,1548.9,0.2912,STANDBY,0,HW-A2
2026-02-02T08:05:10Z,SAT-1000,,16.88,1532.5,0.8843,NOMINAL,0,HW-A2
2026-02-02T08:05:20Z,SAT-1001,27.711,18.85,1496.7,0.4372,NOMINAL,0,HW-A2
2026-02-02T08:05:30Z,SAT-1002,27.937,20.71,1531.5,0.7122,NOMINAL,0,HW-A2
2026-02-02T08:05:40Z,SAT-1003,28.545,ERR,1526.8,0.4813,NOMINAL,0,HW-A2
2026-02-02T08:05:50Z,SAT-1004,28.628,19.14,1575.5,0.1063,NOMINAL,0,HW-A2
2026-02-02T08:06:00Z,SAT-1000,27.993,16.89,1530.0,0.6681,NOMINAL,0,HW-A2
2026-02-02T08:06:10Z,SAT-1001,,17.61,1530.4,0.4148,NOMINAL,0,HW-A2
2026-02-02T08:06:20Z,SAT-1002,28.474,16.5,1534.5,0.9856,NOMINAL,0,HW-A2
2026-02-02T08:06:30Z,SAT-1003,28.374,18.77,1507.8,0.8865,NOMINAL,0,HW-A2
2026-02-02T08:06:40Z,SAT-1004,27.957,19.94,1566.8,0.1033,NOMINAL,0,HW-A2
2026-02-02T08:06:50Z,SAT-1000,27.582,19.23,1510.5,0.4936,NOMINAL,1,HW-A2
2026-02-02T08:07:00Z,SAT-1001,28.962,18.5,1421.4,0.0684,NOMINAL,0,HW-A2
2026-02-02T08:07:10Z,SAT-1002,28.704,18.85,1544.4,0.9352,NOMINAL,0,HW-A2
2026-02-02T08:07:20Z,SAT-1003,27.376,18.88,1496.1,0.7504,NOMINAL,0,HW-A2
2026-02-02T08:07:30Z,SAT-1004,27.822,20.3,1504.3,0.6438,SAFE_HOLD,0,HW-A2
2026-02-02T08:07:40Z,SAT-1000,28.459,17.79,1559.2,0.5977,NOMINAL,0,HW-A2
2026-02-02T08:07:50Z,SAT-1001,27.996,19.49,1502.0,0.113,NOMINAL,0,HW-A2
2026-02-02T08:08:00Z,SAT-1002,27.559,20.53,1416.0,0.3955,NOMINAL,0,HW-A2
2026-02-02T08:08:10Z,SAT-1003,27.625,17.72,1451.7,0.5128,NOMINAL,0,HW-A2
2026-02-02T08:08:10Z,SAT-1003,27.625,17.72,1451.7,0.5128,NOMINAL,0,HW-A2
2026-02-02T08:08:20Z,SAT-1004,,20.02,1519.5,0.8406,NOMINAL,0,HW-A2
2026-02-02T08:08:30Z,SAT-1000,28.284,18.94,1479.5,0.4327,NOMINAL,0,HW-A2
2026-02-02T08:08:40Z,SAT-1001,28.643,19.55,1491.7,0.0944,NOMINAL,0,HW-A2
2026-02-02T08:08:50Z,SAT-1002,27.014,19.97,1456.3,0.0028,STANDBY,0,HW-A2
2026-02-02T08:09:00Z,SAT-1003,28.343,19.88,1489.2,0.4713,NOMINAL,0,HW-A2
2026-02-02T08:09:00Z,SAT-1003,28.343,19.88,1489.2,0.4713,NOMINAL,0,HW-A2
2026-02-02T08:09:10Z,SAT-1004,28.065,19.25,1460.0,0.527,SAFE_HOLD,0,HW-A2
2026-02-02T08:09:20Z,SAT-1000,,19.15,1472.3,0.4061,NOMINAL,0,HW-A2
2026-02-02T08:09:30Z,SAT-1001,28.742,19.29,1461.6,0.9828,NOMINAL,0,HW-A2
2026-02-02T08:09:40Z,SAT-1002,27.087,21.74,1580.2,0.8669,NOMINAL,0,HW-A2
2026-02-02T08:09:50Z,SAT-1003,29.194,18.58,1645.2,0.9083,NOMINAL,0,HW-A2
2026-02-02T08:09:50Z,SAT-1003,29.194,18.58,1645.2,0.9083,NOMINAL,0,HW-A2
2026-02-02T08:10:00Z,SAT-1004,28.704,17.63,1576.2,0.0693,NOMINAL,0,HW-A2
2026-02-02T08:10:10Z,SAT-1000,28.125,16.48,1527.4,0.1092,NOMINAL,0,HW-A2
2026-02-02T08:10:20Z,SAT-1001,27.658,19.22,1467.4,0.6353,NOMINAL,0,HW-A2
2026-02-02T08:10:20Z,SAT-1001,27.658,19.22,1467.4,0.6353,NOMINAL,0,HW-A2
2026-02-02T08:10:30Z,SAT-1002,,19.28,1513.9,0.5501,NOMINAL,0,HW-A2
2026-02-02T08:10:30Z,SAT-1002,,19.28,1513.9,0.5501,NOMINAL,0,HW-A2
2026-02-02T08:10:40Z,SAT-1003,,N/A,1509.3,0.0631,NOMINAL,0,HW-A2
2026-02-02T08:10:50Z,SAT-1004,27.708,19.92,1484.4,0.3125,NOMINAL,0,HW-A2
2026-02-02T08:11:00Z,SAT-1000,27.453,19.71,1475.0,0.3423,NOMINAL,0,HW-A2
2026-02-02T08:11:10Z,SAT-1001,26.708,18.88,1487.7,0.0729,NOMINAL,0,HW-A2
2026-02-02T08:11:20Z,SAT-1002,27.961,19.36,1498.2,0.2916,STANDBY,0,HW-A2
2026-02-02T08:11:30Z,SAT-1003,27.667,18.91,1429.1,0.6323,NOMINAL,0,HW-A2
2026-02-02T08:11:40Z,SAT-1004,27.966,20.47,1477.2,0.1832,STANDBY,0,HW-A2
2026-02-02T08:11:50Z,SAT-1000,27.612,19.8,1490.7,0.1388,NOMINAL,0,HW-A2
2026-02-02T08:12:00Z,SAT-1001,28.648,20.27,1506.6,0.9612,NOMINAL,0,HW-A2
2026-02-02T08:12:10Z,SAT-1002,27.365,18.84,1432.0,0.6126,NOMINAL,0,HW-A2
2026-02-02T08:12:20Z,SAT-1003,26.803,N/A,1473.4,0.9411,NOMINAL,0,HW-A2
2026-02-02T08:12:30Z,SAT-1004,28.175,18.46,1427.8,0.0649,NOMINAL,0,HW-A2
2026-02-02T08:12:40Z,SAT-1000,26.956,18.96,1552.2,0.4356,STANDBY,0,HW-A2
2026-02-02T08:12:50Z,SAT-1001,27.843,17.52,1384.2,0.0797,NOMINAL,0,HW-A2
2026-02-02T08:13:00Z,SAT-1002,28.421,20.41,1470.1,0.7797,NOMINAL,0,HW-A2
2026-02-02T08:13:10Z,SAT-1003,27.924,19.11,1499.2,0.0015,NOMINAL,0,HW-A2
2026-02-02T08:13:20Z,SAT-1004,28.131,--,1541.6,0.6778,NOMINAL,0,HW-A2
2026-02-02T08:13:30Z,SAT-1000,28.183,17.34,1490.9,0.0034,NOMINAL,1,HW-A2
2026-02-02T08:13:40Z,SAT-1001,28.69,18.15,1422.1,0.9895,NOMINAL,0,HW-A2
2026-02-02T08:13:50Z,SAT-1002,,19.78,1496.3,0.706,NOMINAL,0,HW-A2
2026-02-02T08:14:00Z,SAT-1003,28.876,19.68,1515.8,0.1414,NOMINAL,0,HW-A2
2026-02-02T08:14:10Z,SAT-1004,28.715,20.11,1482.6,0.9501,STANDBY,0,HW-A2
2026-02-02T08:14:20Z,SAT-1000,,17.58,1452.2,0.9107,NOMINAL,0,HW-A2
2026-02-02T08:14:30Z,SAT-1001,28.067,19.07,1522.2,0.48,NOMINAL,0,HW-A2
2026-02-02T08:14:40Z,SAT-1002,27.375,19.57,1499.4,0.9598,NOMINAL,0,HW-A2
2026-02-02T08:14:50Z,SAT-1003,27.773,19.8,1405.9,0.0427,NOMINAL,0,HW-A2
2026-02-02T08:15:00Z,SAT-1004,27.384,20.04,1564.8,0.1315,NOMINAL,0,HW-A2
2026-02-02T08:15:10Z,SAT-1000,,18.75,1472.7,0.6203,NOMINAL,0,HW-A2
2026-02-02T08:15:20Z,SAT-1001,28.312,17.41,1517.0,0.931,SAFE_HOLD,0,HW-A2
2026-02-02T08:15:30Z,SAT-1002,27.842,17.74,1569.1,0.4141,NOMINAL,0,HW-A2
2026-02-02T08:15:40Z,SAT-1003,27.322,19.38,1500.1,0.4162,NOMINAL,0,HW-A2
2026-02-02T08:15:50Z,SAT-1004,27.486,19.41,1527.9,0.1661,NOMINAL,0,HW-A2
2026-02-02T08:16:00Z,SAT-1000,27.724,19.93,1527.9,0.5023,NOMINAL,0,HW-A2
2026-02-02T08:16:10Z,SAT-1001,27.496,18.88,1428.4,0.4341,NOMINAL,0,HW-A2
2026-02-02T08:16:20Z,SAT-1002,27.358,17.88,1463.5,0.824,NOMINAL,0,HW-A2
2026-02-02T08:16:30Z,SAT-1003,,20.23,1545.0,0.863,NOMINAL,0,HW-A2
2026-02-02T08:16:40Z,SAT-1004,28.326,19.77,1442.1,0.8506,STANDBY,0,HW-A2
2026-02-02T08:16:50Z,SAT-1000,27.517,18.15,1457.6,0.9026,NOMINAL,0,HW-A2
2026-02-02T08:17:00Z,SAT-1001,28.07,19.91,1553.2,0.2363,NOMINAL,0,HW-A2
2026-02-02T08:17:10Z,SAT-1002,29.424,20.9,1561.6,0.618,NOMINAL,0,HW-A2
2026-02-02T08:17:20Z,SAT-1003,,18.8,1471.4,0.9273,STANDBY,0,HW-A2
2026-02-02T08:17:30Z,SAT-1004,27.703,18.61,1503.4,0.5156,NOMINAL,0,HW-A2
2026-02-02T08:17:40Z,SAT-1000,,19.37,1514.0,0.4763,NOMINAL,0,HW-A2
2026-02-02T08:17:50Z,SAT-1001,27.867,17.93,1462.2,0.2689,NOMINAL,0,HW-A2
2026-02-02T08:18:00Z,SAT-1002,27.392,15.91,1479.6,0.1414,NOMINAL,0,HW-A2
2026-02-02T08:18:10Z,SAT-1003,27.998,18.49,1525.9,0.3168,NOMINAL,0,HW-A2
2026-02-02T08:18:20Z,SAT-1004,28.389,18.25,1539.3,0.7941,NOMINAL,0,HW-A2
2026-02-02T08:18:30Z,SAT-1000,,18.38,1451.6,0.9774,NOMINAL,0,HW-A2
2026-02-02T08:18:40Z,SAT-1001,27.526,18.31,1476.1,0.5781,NOMINAL,0,HW-A2
2026-02-02T08:18:50Z,SAT-1002,27.682,18.5,1591.9,0.3185,NOMINAL,0,HW-A2
2026-02-02T08:19:00Z,SAT-1003,28.522,18.44,1491.6,0.4361,NOMINAL,0,HW-A2
2026-02-02T08:19:10Z,SAT-1004,,18.32,1461.2,0.4308,NOMINAL,0,HW-A2
2026-02-02T08:19:20Z,SAT-1000,27.436,18.84,1536.1,0.5166,NOMINAL,0,HW-A2
2026-02-02T08:19:30Z,SAT-1001,27.826,18.16,1544.3,0.1638,NOMINAL,0,HW-A2
2026-02-02T08:19:40Z,SAT-1002,27.653,19.41,1467.1,0.9199,SAFE_HOLD,0,HW-A2
2026-02-02T08:19:50Z,SAT-1003,,19.42,1502.2,0.408,NOMINAL,0,HW-A2
2026-02-02T08:20:00Z,SAT-1004,28.243,20.0,1453.2,0.4919,NOMINAL,0,HW-A2
2026-02-02T08:20:10Z,SAT-1000,28.497,19.01,1509.0,0.2963,NOMINAL,1,HW-A2
2026-02-02T08:20:20Z,SAT-1001,27.753,19.35,1562.7,0.0668,NOMINAL,0,HW-A2
2026-02-02T08:20:30Z,SAT-1002,28.582,19.6,1451.8,0.4034,NOMINAL,0,HW-A2
2026-02-02T08:20:40Z,SAT-1003,28.378,17.44,1477.4,0.098,NOMINAL,0,HW-A2
2026-02-02T08:20:50Z,SAT-1004,27.117,18.71,1509.6,0.2753,NOMINAL,0,HW-A2
2026-02-02T08:21:00Z,SAT-1000,,19.78,1536.3,0.8848,NOMINAL,0,HW-A2
2026-02-02T08:21:10Z,SAT-1001,28.048,18.45,1535.2,0.134,NOMINAL,0,HW-A2
2026-02-02T08:21:20Z,SAT-1002,28.261,19.5,1577.9,0.6298,NOMINAL,0,HW-A2
2026-02-02T08:21:30Z,SAT-1003,28.079,18.12,1463.6,0.6689,STANDBY,0,HW-A2
2026-02-02T08:21:40Z,SAT-1004,27.512,18.36,1441.0,0.9457,NOMINAL,0,HW-A2
2026-02-02T08:21:50Z,SAT-1000,29.542,19.28,1451.6,0.9207,NOMINAL,0,HW-A2
2026-02-02T08:22:00Z,SAT-1001,28.587,19.19,1463.7,0.9744,NOMINAL,0,HW-A2
2026-02-02T08:22:10Z,SAT-1002,28.169,19.58,1565.9,0.0141,NOMINAL,0,HW-A2
2026-02-02T08:22:20Z,SAT-1003,27.786,18.67,1458.6,0.1437,NOMINAL,0,HW-A2
2026-02-02T08:22:30Z,SAT-1004,26.894,17.34,1477.5,0.0913,NOMINAL,0,HW-A2
2026-02-02T08:22:40Z,SAT-1000,28.34,16.64,1466.7,0.9933,NOMINAL,0,HW-A2
2026-02-02T08:22:50Z,SAT-1001,27.95,19.05,1446.7,0.2536,SAFE_HOLD,0,HW-A2
2026-02-02T08:27:50Z,SAT-1002,27.257,18.27,1481.1,0.5715,NOMINAL,0,HW-A2
2026-02-02T08:28:00Z,SAT-1003,27.726,18.76,1535.6,0.175,NOMINAL,0,HW-A2
2026-02-02T08:28:10Z,SAT-1004,27.577,20.01,1531.7,0.5757,NOMINAL,0,HW-A2
2026-02-02T08:28:20Z,SAT-1000,,18.95,1534.2,0.9956,NOMINAL,0,HW-A2
2026-02-02T08:28:30Z,SAT-1001,27.751,19.54,1601.7,0.2948,NOMINAL,0,HW-A2
2026-02-02T08:28:40Z,SAT-1002,27.823,19.88,1443.0,0.6859,STANDBY,0,HW-A2
2026-02-02T08:28:50Z,SAT-1003,28.013,18.84,1515.7,0.4847,NOMINAL,0,HW-A2
2026-02-02T08:29:00Z,SAT-1004,27.622,20.24,1469.5,0.5568,NOMINAL,0,HW-A2
2026-02-02T08:29:10Z,SAT-1000,27.758,18.46,1476.2,0.1695,NOMINAL,0,HW-A2
2026-02-02T08:29:20Z,SAT-1001,28.343,19.13,1583.9,0.4007,NOMINAL,0,HW-A2
2026-02-02T08:29:30Z,SAT-1002,26.934,20.12,1496.9,0.5187,NOMINAL,0,HW-A2
2026-02-02T08:29:40Z,SAT-1003,27.338,20.41,1489.0,0.8239,NOMINAL,0,HW-A2
2026-02-02T08:29:50Z,SAT-1004,20.108,19.03,1493.7,0.8263,NOMINAL,0,HW-A2
2026-02-02T08:30:00Z,SAT-1000,27.391,18.43,1496.2,0.3849,SAFE_HOLD,0,HW-A2
2026-02-02T08:30:10Z,SAT-1001,27.781,23.26,1441.4,0.4547,NOMINAL,0,HW-A2
2026-02-02T08:30:20Z,SAT-1002,28.715,19.42,1533.8,0.5947,NOMINAL,0,HW-A2
2026-02-02T08:30:30Z,SAT-1003,28.33,18.88,1469.0,0.9911,NOMINAL,0,HW-A2
2026-02-02T08:30:40Z,SAT-1004,26.926,18.9,1606.2,0.5237,NOMINAL,0,HW-A2
2026-02-02T08:30:50Z,SAT-1000,28.243,18.64,1537.9,0.5268,NOMINAL,0,HW-A2
2026-02-02T08:31:00Z,SAT-1001,,20.5,1497.7,0.8836,NOMINAL,0,HW-A2
2026-02-02T08:31:10Z,SAT-1002,,19.61,1430.0,0.7351,NOMINAL,0,HW-A2
2026-02-02T08:31:20Z,SAT-1003,29.468,17.29,1519.8,0.2768,NOMINAL,0,HW-A2
2026-02-02T08:31:30Z,SAT-1004,27.433,18.43,1510.4,0.1905,NOMINAL,0,HW-A2
2026-02-02T08:31:40Z,SAT-1000,27.821,19.03,1618.6,0.2363,NOMINAL,1,HW-A2
2026-02-02T08:31:50Z,SAT-1001,27.749,21.46,1479.5,0.235,NOMINAL,0,HW-A2
2026-02-02T08:32:00Z,SAT-1002,28.915,18.92,1506.1,0.5552,NOMINAL,0,HW-A2
2026-02-02T08:32:10Z,SAT-1003,,20.16,1492.7,0.9754,NOMINAL,0,HW-A2
2026-02-02T08:32:20Z,SAT-1004,27.705,18.29,1582.4,0.8658,NOMINAL,0,HW-A2
2026-02-02T08:32:30Z,SAT-1000,,19.25,1519.3,0.1432,NOMINAL,0,HW-A2
2026-02-02T08:32:40Z,SAT-1001,,19.46,1519.9,0.3749,NOMINAL,0,HW-A2
2026-02-02T08:32:50Z,SAT-1002,28.222,19.67,1528.0,0.4648,SAFE_HOLD,0,HW-A2
2026-02-02T08:33:00Z,SAT-1003,27.593,17.19,1405.1,0.0835,NOMINAL,0,HW-A2
2026-02-02T08:33:10Z,SAT-1004,28.16,19.38,1486.8,0.8871,NOMINAL,0,HW-A2
2026-02-02T08:33:20Z,SAT-1000,27.16,17.3,1483.0,0.7716,NOMINAL,0,HW-A2
2026-02-02T08:33:30Z,SAT-1001,27.492,20.02,1469.9,0.0311,NOMINAL,0,HW-A2
2026-02-02T08:33:40Z,SAT-1002,28.426,19.23,1444.7,0.8694,NOMINAL,0,HW-A2
2026-02-02T08:33:50Z,SAT-1003,29.421,18.08,1439.0,0.8755,NOMINAL,0,HW-A2
2026-02-02T08:34:00Z,SAT-1004,28.431,--,1462.4,0.0816,NOMINAL,0,HW-A2
2026-02-02T08:34:10Z,SAT-1000,27.635,18.06,1424.6,0.4324,NOMINAL,0,HW-A2
2026-02-02T08:34:20Z,SAT-1001,27.62,19.17,1494.6,0.0625,NOMINAL,0,HW-A2
2026-02-02T08:34:30Z,SAT-1002,27.835,19.08,1523.3,0.318,NOMINAL,0,HW-A2
2026-02-02T08:34:40Z,SAT-1003,28.431,18.88,1448.0,0.0141,NOMINAL,0,HW-A2
2026-02-02T08:34:50Z,SAT-1004,29.238,18.96,1505.1,0.2524,NOMINAL,0,HW-A2
2026-02-02T08:35:00Z,SAT-1000,28.972,ERR,1468.6,0.916,NOMINAL,0,HW-A2
2026-02-02T08:35:00Z,SAT-1000,28.972,ERR,1468.6,0.916,NOMINAL,0,HW-A2
2026-02-02T08:35:10Z,SAT-1001,28.309,19.95,1531.7,0.7841,NOMINAL,0,HW-A2
2026-02-02T08:35:20Z,SAT-1002,27.205,19.56,1500.9,0.703,NOMINAL,0,HW-A2
2026-02-02T08:35:30Z,SAT-1003,27.418,16.92,1467.1,0.737,NOMINAL,0,HW-A2
2026-02-02T08:35:40Z,SAT-1004,,17.7,1500.0,0.121,NOMINAL,0,HW-A2
2026-02-02T08:35:50Z,SAT-1000,28.594,18.75,1508.9,0.6634,NOMINAL,0,HW-A2
2026-02-02T08:36:00Z,SAT-1001,27.78,19.33,1558.2,0.2296,NOMINAL,0,HW-A2
2026-02-02T08:36:10Z,SAT-1002,28.032,20.6,1502.9,0.2014,NOMINAL,0,HW-A2
2026-02-02T08:36:20Z,SAT-1003,27.874,18.9,1468.9,0.0382,NOMINAL,0,HW-A2
2026-02-02T08:36:30Z,SAT-1004,28.525,18.3,1462.1,0.827,SAFE_HOLD,0,HW-A2
2026-02-02T08:36:40Z,SAT-1000,29.371,18.42,1494.3,0.2061,SAFE_HOLD,0,HW-A2
2026-02-02T08:36:50Z,SAT-1001,28.683,18.15,1528.7,0.28,NOMINAL,0,HW-A2
2026-02-02T08:37:00Z,SAT-1002,27.57,17.65,1466.5,0.0702,NOMINAL,0,HW-A2
2026-02-02T08:37:10Z,SAT-1003,26.923,20.27,1543.9,0.8299,NOMINAL,0,HW-A2
2026-02-02T08:37:20Z,SAT-1004,28.319,19.61,1484.5,0.9657,NOMINAL,0,HW-A2
2026-02-02T08:37:30Z,SAT-1000,28.612,18.23,1515.9,0.9926,NOMINAL,0,HW-A2
2026-02-02T08:37:40Z,SAT-1001,28.048,19.1,1456.7,0.8236,NOMINAL,0,HW-A2
2026-02-02T08:37:50Z,SAT-1002,28.379,18.23,1481.2,0.351,NOMINAL,0,HW-A2
2026-02-02T08:38:00Z,SAT-1003,28.546,20.28,1567.3,0.3574,NOMINAL,0,HW-A2
2026-02-02T08:38:10Z,SAT-1004,28.733,19.25,1556.5,0.0048,SAFE_HOLD,0,HW-A2
2026-02-02T08:38:20Z,SAT-1000,36.807,18.99,1427.5,0.0339,NOMINAL,1,HW-A2
2026-02-02T08:38:30Z,SAT-1001,27.782,19.25,1474.1,0.9827,NOMINAL,0,HW-A2
2026-02-02T08:38:40Z,SAT-1002,28.327,17.89,1533.3,0.0137,NOMINAL,0,HW-A2
2026-02-02T08:38:50Z,SAT-1003,,18.17,1474.0,0.1702,NOMINAL,0,HW-A2
2026-02-02T08:39:00Z,SAT-1004,26.953,17.84,1510.4,0.2644,NOMINAL,0,HW-A2
2026-02-02T08:39:10Z,SAT-1000,28.53,19.41,1410.5,0.2127,NOMINAL,0,HW-A2
2026-02-02T08:39:10Z,SAT-1000,28.53,19.41,1410.5,0.2127,NOMINAL,0,HW-A2
2026-02-02T08:39:20Z,SAT-1001,27.969,19.61,1526.2,0.8268,SAFE_HOLD,0,HW-A2
2026-02-02T08:39:30Z,SAT-1002,28.166,16.68,1467.7,0.2463,NOMINAL,0,HW-A2
2026-02-02T08:39:40Z,SAT-1003,28.396,20.92,1520.1,0.4901,NOMINAL,0,HW-A2
2026-02-02T08:39:50Z,SAT-1004,,18.58,1435.5,0.9025,NOMINAL,0,HW-A2
2026-02-02T08:40:00Z,SAT-1000,28.606,19.65,1515.3,0.2204,NOMINAL,0,HW-A2
2026-02-02T08:40:10Z,SAT-1001,26.522,18.27,1484.2,0.5891,NOMINAL,0,HW-A2
2026-02-02T08:40:20Z,SAT-1002,27.834,18.56,1507.9,0.8069,NOMINAL,0,HW-A2
2026-02-02T08:40:30Z,SAT-1003,27.522,18.04,1535.0,0.7179,NOMINAL,0,HW-A2
2026-02-02T08:40:40Z,SAT-1004,28.31,18.17,1409.8,0.3606,NOMINAL,0,HW-A2
2026-02-02T08:40:50Z,SAT-1000,27.73,19.78,1489.6,0.8808,NOMINAL,0,HW-A2
2026-02-02T08:41:00Z,SAT-1001,27.802,21.13,1561.0,0.072,NOMINAL,0,HW-A2
2026-02-02T08:41:10Z,SAT-1002,27.835,18.0,1515.6,0.5357,NOMINAL,0,HW-A2
2026-02-02T08:41:20Z,SAT-1003,27.506,18.74,1485.0,0.9517,NOMINAL,0,HW-A2
2026-02-02T08:41:30Z,SAT-1004,27.555,19.02,1543.0,0.9996,NOMINAL,0,HW-A2
2026-02-02T08:41:40Z,SAT-1000,28.571,19.88,1471.2,0.5943,SAFE_HOLD,0,HW-A2
2026-02-02T08:41:50Z,SAT-1001,27.945,18.21,1479.2,0.72,SAFE_HOLD,0,HW-A2
2026-02-02T08:41:50Z,SAT-1001,27.945,18.21,1479.2,0.72,SAFE_HOLD,0,HW-A2
2026-02-02T08:42:00Z,SAT-1002,27.387,18.72,1535.1,0.0654,NOMINAL,0,HW-A2
2026-02-02T08:42:10Z,SAT-1003,27.268,19.45,1452.3,0.5807,STANDBY,0,HW-A2
2026-02-02T08:42:20Z,SAT-1004,27.552,19.53,1527.3,0.4291,NOMINAL,0,HW-A2
2026-02-02T08:42:30Z,SAT-1000,27.646,19.8,1528.5,0.101,NOMINAL,0,HW-A2
2026-02-02T08:42:40Z,SAT-1001,28.113,19.23,1558.1,0.8494,STANDBY,0,HW-A2
2026-02-02T08:42:50Z,SAT-1002,29.639,18.6,1503.0,0.8551,NOMINAL,0,HW-A2
2026-02-02T08:43:00Z,SAT-1003,27.569,19.52,1466.5,0.5672,NOMINAL,0,HW-A2
2026-02-02T08:43:10Z,SAT-1004,28.237,18.86,1438.7,0.392,NOMINAL,0,HW-A2
2026-02-02T08:43:20Z,SAT-1000,27.941,19.17,1511.8,0.5315,NOMINAL,0,HW-A2
2026-02-02T08:43:30Z,SAT-1001,,18.01,1499.0,0.3398,NOMINAL,0,HW-A2
2026-02-02T08:43:40Z,SAT-1002,27.663,21.27,1562.6,0.5204,NOMINAL,0,HW-A2
2026-02-02T08:43:50Z,SAT-1003,27.93,18.62,1488.9,0.4063,NOMINAL,0,HW-A2
2026-02-02T08:44:00Z,SAT-1004,26.953,18.29,1567.2,0.1769,NOMINAL,0,HW-A2
2026-02-02T08:44:10Z,SAT-1000,27.746,19.8,1464.9,0.5926,NOMINAL,0,HW-A2
2026-02-02T08:44:20Z,SAT-1001,28.131,17.73,1497.6,0.0146,NOMINAL,0,HW-A2
2026-02-02T08:44:30Z,SAT-1002,28.492,18.38,1521.2,0.9434,NOMINAL,0,HW-A2
2026-02-02T08:44:40Z,SAT-1003,28.466,18.54,1514.7,0.4277,NOMINAL,0,HW-A2
2026-02-02T08:44:50Z,SAT-1004,27.645,18.61,1520.1,0.1684,NOMINAL,0,HW-A2
2026-02-02T08:45:00Z,SAT-1000,28.495,18.7,1549.8,0.9298,NOMINAL,1,HW-A2
2026-02-02T08:45:10Z,SAT-1001,27.719,18.34,1534.3,0.0581,NOMINAL,0,HW-A2
2026-02-02T08:45:20Z,SAT-1002,28.118,20.45,1457.5,0.8358,NOMINAL,0,HW-A2
2026-02-02T08:45:30Z,SAT-1003,27.979,18.45,1422.9,0.8731,NOMINAL,0,HW-A2
2026-02-02T08:45:40Z,SAT-1004,,20.93,1471.0,0.3753,NOMINAL,0,HW-A2
2026-02-02T08:45:50Z,SAT-1000,,19.42,1507.6,0.8077,NOMINAL,0,HW-A2
2026-02-02T08:46:00Z,SAT-1001,28.434,19.84,1505.7,0.2634,NOMINAL,0,HW-A2
2026-02-02T08:46:10Z,SAT-1002,28.614,18.88,1440.0,0.2949,NOMINAL,0,HW-A2
2026-02-02T08:46:20Z,SAT-1003,28.783,17.99,1469.7,0.8622,NOMINAL,0,HW-A2
2026-02-02T08:46:30Z,SAT-1004,28.25,17.67,1517.4,0.7893,NOMINAL,0,HW-A2
2026-02-02T08:46:40Z,SAT-1000,,21.23,1506.9,0.2024,NOMINAL,0,HW-A2
2026-02-02T08:46:50Z,SAT-1001,28.831,18.25,1587.9,0.6054,NOMINAL,0,HW-A2
2026-02-02T08:47:00Z,SAT-1002,27.822,20.51,1464.8,0.9152,STANDBY,0,HW-A2
2026-02-02T08:47:10Z,SAT-1003,27.954,17.71,1503.1,0.0913,NOMINAL,0,HW-A2
2026-02-02T08:47:20Z,SAT-1004,27.309,19.82,1425.1,0.8472,NOMINAL,0,HW-A2
2026-02-02T08:47:30Z,SAT-1000,28.705,19.96,1461.6,0.1482,NOMINAL,0,HW-A2
2026-02-02T08:47:40Z,SAT-1001,28.538,18.79,1528.3,0.0936,NOMINAL,0,HW-A2
2026-02-02T08:47:50Z,SAT-1002,28.782,19.18,1556.6,0.6967,NOMINAL,0,HW-A2
2026-02-02T08:48:00Z,SAT-1003,28.41,18.99,1531.0,0.0776,NOMINAL,0,HW-A2
2026-02-02T08:48:10Z,SAT-1004,27.961,17.62,1503.7,0.5478,NOMINAL,0,HW-A2
2026-02-02T08:48:20Z,SAT-1000,27.887,18.18,1479.7,0.0881,NOMINAL,0,HW-A2
2026-02-02T08:48:30Z,SAT-1001,27.035,19.09,1547.7,0.5167,NOMINAL,0,HW-A2
2026-02-02T08:48:40Z,SAT-1002,27.559,17.13,1486.8,0.2811,NOMINAL,0,HW-A2
2026-02-02T08:48:50Z,SAT-1003,27.527,18.94,1526.7,0.1562,NOMINAL,0,HW-A2
2026-02-02T08:49:00Z,SAT-1004,28.829,18.13,1441.1,0.7185,NOMINAL,0,HW-A2
2026-02-02T08:49:10Z,SAT-1000,27.585,19.57,1506.8,0.6382,NOMINAL,0,HW-A2
2026-02-02T08:49:20Z,SAT-1001,28.502,19.22,1522.6,0.0058,NOMINAL,0,HW-A2
2026-02-02T08:49:30Z,SAT-1002,29.218,19.46,1449.5,0.3763,NOMINAL,0,HW-A2
2026-02-02T08:49:40Z,SAT-1003,28.518,17.64,1441.0,0.6469,NOMINAL,0,HW-A2
2026-02-02T08:49:40Z,SAT-1003,28.518,17.64,1441.0,0.6469,NOMINAL,0,HW-A2
2026-02-02T08:49:50Z,SAT-1004,,20.49,1505.8,0.1776,NOMINAL,0,HW-A2
2026-02-02T08:50:00Z,SAT-1000,29.269,19.14,1538.9,0.0439,NOMINAL,0,HW-A2
2026-02-02T08:50:10Z,SAT-1001,27.898,18.97,1525.8,0.8891,NOMINAL,0,HW-A2
2026-02-02T08:50:20Z,SAT-1002,28.202,20.68,1498.6,0.2196,NOMINAL,0,HW-A2
2026-02-02T08:50:30Z,SAT-1003,28.266,N/A,1406.7,0.0198,NOMINAL,0,HW-A2
2026-02-02T08:55:30Z,SAT-1004,28.575,20.43,1447.9,0.4248,NOMINAL,0,HW-A2
2026-02-02T08:55:40Z,SAT-1000,28.766,18.15,1473.2,0.8121,NOMINAL,0,HW-A2
2026-02-02T08:55:50Z,SAT-1001,27.144,18.35,1494.7,0.6686,NOMINAL,0,HW-A2
2026-02-02T08:56:00Z,SAT-1002,28.11,19.99,1445.1,0.9096,STANDBY,0,HW-A2
2026-02-02T08:56:10Z,SAT-1003,27.2,16.54,1427.6,0.9103,NOMINAL,0,HW-A2
2026-02-02T08:56:20Z,SAT-1004,27.761,19.73,1480.6,0.2635,NOMINAL,0,HW-A2
2026-02-02T08:56:30Z,SAT-1000,,17.77,1552.8,0.8382,NOMINAL,1,HW-A2
2026-02-02T08:56:40Z,SAT-1001,27.909,20.61,1535.0,0.4913,STANDBY,0,HW-A2
2026-02-02T08:56:50Z,SAT-1002,28.169,18.78,1435.2,0.0106,NOMINAL,0,HW-A2
2026-02-02T08:57:00Z,SAT-1003,28.972,19.51,1573.0,0.8458,NOMINAL,0,HW-A2
2026-02-02T08:57:10Z,SAT-1004,28.511,19.16,1519.6,0.9081,NOMINAL,0,HW-A2
2026-02-02T08:57:20Z,SAT-1000,36.477,20.06,1554.2,0.7982,NOMINAL,0,HW-A2
2026-02-02T08:57:30Z,SAT-1001,28.819,21.32,1494.2,0.9297,SAFE_HOLD,0,HW-A2
2026-02-02T08:57:40Z,SAT-1002,27.453,18.55,1486.7,0.8027,NOMINAL,0,HW-A2
2026-02-02T08:57:50Z,SAT-1003,28.649,18.22,1522.2,0.3589,NOMINAL,0,HW-A2
2026-02-02T08:58:00Z,SAT-1004,,18.7,1408.6,0.5384,NOMINAL,0,HW-A2
2026-02-02T08:58:10Z,SAT-1000,27.228,18.85,1528.5,0.1508,NOMINAL,0,HW-A2
2026-02-02T08:58:20Z,SAT-1001,28.242,20.05,1417.1,0.2727,NOMINAL,0,HW-A2
2026-02-02T08:58:30Z,SAT-1002,28.533,18.54,1511.8,0.4719,NOMINAL,0,HW-A2
2026-02-02T08:58:40Z,SAT-1003,27.568,19.1,1456.3,0.8577,SAFE_HOLD,0,HW-A2
2026-02-02T08:58:50Z,SAT-1004,,18.24,1502.7,0.5571,NOMINAL,0,HW-A2
2026-02-02T08:59:00Z,SAT-1000,28.992,19.52,1471.0,0.8918,NOMINAL,0,HW-A2
2026-02-02T08:59:10Z,SAT-1001,28.302,18.6,1485.4,0.2329,NOMINAL,0,HW-A2
2026-02-02T08:59:20Z,SAT-1002,28.776,18.91,1478.3,0.0026,NOMINAL,0,HW-A2
2026-02-02T08:59:30Z,SAT-1003,28.094,18.91,1462.8,0.4062,NOMINAL,0,HW-A2
2026-02-02T08:59:40Z,SAT-1004,27.92,17.32,1486.9,0.4481,NOMINAL,0,HW-A2
2026-02-02T08:59:50Z,SAT-1000,27.863,18.86,1465.0,0.9909,NOMINAL,0,HW-A2
2026-02-02T09:00:00Z,SAT-1001,27.088,18.46,1526.8,0.0358,NOMINAL,0,HW-A2
2026-02-02T09:00:10Z,SAT-1002,27.071,19.37,1535.6,0.4656,NOMINAL,0,HW-A2
2026-02-02T09:00:20Z,SAT-1003,28.698,20.55,1481.2,0.6295,NOMINAL,0,HW-A2
2026-02-02T09:00:30Z,SAT-1004,28.691,18.3,1504.4,0.4498,NOMINAL,0,HW-A2
2026-02-02T09:00:40Z,SAT-1000,27.932,19.3,1536.5,0.9938,SAFE_HOLD,0,HW-A2
2026-02-02T09:00:50Z,SAT-1001,29.534,18.4,1486.4,0.5799,NOMINAL,0,HW-A2
2026-02-02T09:01:00Z,SAT-1002,27.734,19.74,1554.6,0.8503,NOMINAL,0,HW-A2
2026-02-02T09:01:10Z,SAT-1003,28.78,20.91,1492.4,0.9547,NOMINAL,0,HW-A2
2026-02-02T09:01:20Z,SAT-1004,28.16,17.22,1513.0,0.6054,NOMINAL,0,HW-A2
2026-02-02T09:01:30Z,SAT-1000,27.986,18.34,1561.4,0.2619,NOMINAL,0,HW-A2
2026-02-02T09:01:40Z,SAT-1001,27.6,16.92,1543.6,0.4509,NOMINAL,0,HW-A2
2026-02-02T09:01:50Z,SAT-1002,28.471,19.31,1488.7,0.5662,NOMINAL,0,HW-A2
2026-02-02T09:02:00Z,SAT-1003,,18.75,1459.5,0.4783,NOMINAL,0,HW-A2
2026-02-02T09:02:10Z,SAT-1004,27.862,17.54,1465.5,0.6904,NOMINAL,0,HW-A2
2026-02-02T09:02:20Z,SAT-1000,28.038,19.9,1542.3,0.3234,NOMINAL,0,HW-A2
2026-02-02T09:02:30Z,SAT-1001,27.156,18.02,1486.7,0.2857,STANDBY,0,HW-A2
2026-02-02T09:02:40Z,SAT-1002,27.857,18.46,1515.3,0.6038,NOMINAL,0,HW-A2
2026-02-02T09:02:50Z,SAT-1003,28.962,17.91,1536.0,0.0826,NOMINAL,0,HW-A2
2026-02-02T09:03:00Z,SAT-1004,27.636,19.16,1567.8,0.846,NOMINAL,0,HW-A2
2026-02-02T09:03:10Z,SAT-1000,28.316,18.89,1402.3,0.7099,NOMINAL,1,HW-A2
2026-02-02T09:03:20Z,SAT-1001,28.876,19.92,1498.9,0.6937,NOMINAL,0,HW-A2
2026-02-02T09:03:30Z,SAT-1002,28.3,17.82,1492.9,0.2142,NOMINAL,0,HW-A2
2026-02-02T09:03:40Z,SAT-1003,27.255,19.47,1459.0,0.6912,NOMINAL,0,HW-A2
2026-02-02T09:03:50Z,SAT-1004,27.372,19.01,1505.3,0.0607,NOMINAL,0,HW-A2
2026-02-02T09:04:00Z,SAT-1000,27.807,18.48,1562.3,0.6742,NOMINAL,0,HW-A2
2026-02-02T09:04:10Z,SAT-1001,27.988,18.83,1531.5,0.836,NOMINAL,0,HW-A2
2026-02-02T09:04:20Z,SAT-1002,38.401,17.54,1539.5,0.525,NOMINAL,0,HW-A2
2026-02-02T09:04:30Z,SAT-1003,27.353,19.33,1499.4,0.4538,NOMINAL,0,HW-A2
2026-02-02T09:04:40Z,SAT-1004,26.602,19.55,1510.9,0.944,NOMINAL,0,HW-A2
2026-02-02T09:04:50Z,SAT-1000,27.641,19.04,1549.8,0.811,NOMINAL,0,HW-A2
2026-02-02T09:05:00Z,SAT-1001,27.889,19.95,1436.0,0.6548,NOMINAL,0,HW-A2
2026-02-02T09:05:10Z,SAT-1002,28.183,17.94,1481.1,0.9174,NOMINAL,0,HW-A2
2026-02-02T09:05:20Z,SAT-1003,27.992,20.14,1524.3,0.1388,NOMINAL,0,HW-A2
2026-02-02T09:05:30Z,SAT-1004,27.453,19.22,1422.2,0.0863,NOMINAL,0,HW-A2
2026-02-02T09:05:40Z,SAT-1000,28.01,19.94,1538.6,0.0848,NOMINAL,0,HW-A2
2026-02-02T09:05:50Z,SAT-1001,28.936,18.82,1494.4,0.8385,NOMINAL,0,HW-A2
2026-02-02T09:06:00Z,SAT-1002,28.605,19.76,1501.5,0.2994,NOMINAL,0,HW-A2
2026-02-02T09:06:10Z,SAT-1003,26.987,18.66,1525.1,0.9345,NOMINAL,0,HW-A2
2026-02-02T09:06:20Z,SAT-1004,27.639,19.74,1523.8,0.6322,NOMINAL,0,HW-A2
2026-02-02T09:06:30Z,SAT-1000,27.738,18.83,1507.5,0.6614,NOMINAL,0,HW-A2
2026-02-02T09:06:40Z,SAT-1001,28.466,18.43,1445.1,0.0937,NOMINAL,0,HW-A2
2026-02-02T09:06:50Z,SAT-1002,27.392,19.69,1436.0,0.4643,NOMINAL,0,HW-A2
2026-02-02T09:06:50Z,SAT-1002,27.392,19.69,1436.0,0.4643,NOMINAL,0,HW-A2
2026-02-02T09:07:00Z,SAT-1003,27.318,18.08,1537.2,0.1234,NOMINAL,0,HW-A2
2026-02-02T09:07:10Z,SAT-1004,29.24,20.56,1476.0,0.1855,NOMINAL,0,HW-A2
2026-02-02T09:07:20Z,SAT-1000,27.058,19.29,1459.1,0.3939,NOMINAL,0,HW-A2
2026-02-02T09:07:30Z,SAT-1001,27.954,18.84,1565.4,0.5927,SAFE_HOLD,0,HW-A2
2026-02-02T09:07:40Z,SAT-1002,28.102,18.33,1477.9,0.2565,NOMINAL,0,HW-A2
2026-02-02T09:07:50Z,SAT-1003,27.913,17.25,1545.9,0.6153,NOMINAL,0,HW-A2
2026-02-02T09:08:00Z,SAT-1004,28.581,17.79,1485.6,0.2915,NOMINAL,0,HW-A2
2026-02-02T09:08:10Z,SAT-1000,27.981,ERR,1487.8,0.1322,NOMINAL,0,HW-A2
2026-02-02T09:08:20Z,SAT-1001,28.103,20.44,1492.1,0.2638,NOMINAL,0,HW-A2
2026-02-02T09:08:30Z,SAT-1002,29.146,19.02,1457.1,0.8204,NOMINAL,0,HW-A2
2026-02-02T09:08:40Z,SAT-1003,28.111,18.93,1520.9,0.1162,NOMINAL,0,HW-A2
2026-02-02T09:08:50Z,SAT-1004,28.125,20.11,1464.6,0.7338,NOMINAL,0,HW-A2
2026-02-02T09:09:00Z,SAT-1000,28.814,19.08,1504.8,0.0596,NOMINAL,0,HW-A2
2026-02-02T09:09:10Z,SAT-1001,27.498,18.82,1501.6,0.0712,NOMINAL,0,HW-A2
2026-02-02T09:09:10Z,SAT-1001,27.498,18.82,1501.6,0.0712,NOMINAL,0,HW-A2
2026-02-02T09:09:20Z,SAT-1002,29.683,17.59,1520.9,0.5057,NOMINAL,0,HW-A2
2026-02-02T09:09:30Z,SAT-1003,,18.77,1492.0,0.3651,NOMINAL,0,HW-A2
2026-02-02T09:09:40Z,SAT-1004,28.107,18.23,1531.7,0.727,NOMINAL,0,HW-A2
2026-02-02T09:09:50Z,SAT-1000,28.589,N/A,1500.5,0.5912,NOMINAL,1,HW-A2
2026-02-02T09:10:00Z,SAT-1001,28.336,20.08,1452.0,0.2017,NOMINAL,0,HW-A2
2026-02-02T09:10:10Z,SAT-1002,27.862,19.47,1441.4,0.6413,NOMINAL,0,HW-A2
2026-02-02T09:10:20Z,SAT-1003,27.788,20.5,1462.1,0.1601,NOMINAL,0,HW-A2
2026-02-02T09:10:30Z,SAT-1004,28.624,18.55,1398.8,0.7125,NOMINAL,0,HW-A2
2026-02-02T09:10:40Z,SAT-1000,27.319,18.77,1551.9,0.144,NOMINAL,0,HW-A2
2026-02-02T09:10:50Z,SAT-1001,27.223,18.92,1502.0,0.9416,NOMINAL,0,HW-A2
2026-02-02T09:11:00Z,SAT-1002,28.15,18.94,1496.4,0.487,NOMINAL,0,HW-A2
2026-02-02T09:11:10Z,SAT-1003,27.912,20.84,1509.1,0.3357,NOMINAL,0,HW-A2
2026-02-02T09:11:20Z,SAT-1004,27.656,18.52,1505.9,0.2482,NOMINAL,0,HW-A2
2026-02-02T09:11:30Z,SAT-1000,29.405,18.6,1445.4,0.6994,NOMINAL,0,HW-A2
2026-02-02T09:11:40Z,SAT-1001,,18.65,1586.0,0.4244,NOMINAL,0,HW-A2
2026-02-02T09:11:50Z,SAT-1002,27.917,20.08,1450.5,0.5188,NOMINAL,0,HW-A2
2026-02-02T09:12:00Z,SAT-1003,28.039,20.5,1502.6,0.727,NOMINAL,0,HW-A2
2026-02-02T09:12:10Z,SAT-1004,,17.5,1444.1,0.397,NOMINAL,0,HW-A2
2026-02-02T09:12:20Z,SAT-1000,28.198,15.72,1483.2,0.5822,NOMINAL,0,HW-A2
2026-02-02T09:12:30Z,SAT-1001,28.581,18.73,1480.0,0.3225,NOMINAL,0,HW-A2
2026-02-02T09:12:40Z,SAT-1002,28.273,18.58,1500.2,0.5834,NOMINAL,0,HW-A2
2026-02-02T09:12:50Z,SAT-1003,27.276,17.77,1504.5,0.9249,NOMINAL,0,HW-A2
2026-02-02T09:13:00Z,SAT-1004,28.052,20.27,1489.4,0.7918,NOMINAL,0,HW-A2
2026-02-02T09:13:10Z,SAT-1000,27.676,20.84,1512.6,0.7465,NOMINAL,0,HW-A2
2026-02-02T09:13:20Z,SAT-1001,27.649,17.78,1497.4,0.9817,NOMINAL,0,HW-A2
2026-02-02T09:13:30Z,SAT-1002,30.086,18.5,1518.4,0.9527,NOMINAL,0,HW-A2
2026-02-02T09:13:30Z,SAT-1002,30.086,18.5,1518.4,0.9527,NOMINAL,0,HW-A2
2026-02-02T09:13:40Z,SAT-1003,27.771,18.28,1502.1,0.5143,STANDBY,0,HW-A2
2026-02-02T09:13:50Z,SAT-1004,28.833,20.07,1494.5,0.0698,NOMINAL,0,HW-A2
2026-02-02T09:14:00Z,SAT-1000,27.109,19.88,1502.3,0.0977,NOMINAL,0,HW-A2
2026-02-02T09:14:10Z,SAT-1001,27.316,18.72,1478.1,0.0656,NOMINAL,0,HW-A2
2026-02-02T09:14:20Z,SAT-1002,27.59,19.94,1481.8,0.8185,NOMINAL,0,HW-A2
2026-02-02T09:14:30Z,SAT-1003,27.864,16.89,1565.2,0.0516,NOMINAL,0,HW-A2
2026-02-02T09:14:40Z,SAT-1004,28.522,17.82,1431.2,0.644,NOMINAL,0,HW-A2
2026-02-02T09:14:50Z,SAT-1000,28.183,18.06,1508.5,0.9514,NOMINAL,0,HW-A2
2026-02-02T09:15:00Z,SAT-1001,27.395,18.92,1573.6,0.0191,NOMINAL,0,HW-A2
2026-02-02T09:15:10Z,SAT-1002,28.394,19.83,1543.8,0.5405,NOMINAL,0,HW-A2
2026-02-02T09:15:20Z,SAT-1003,28.325,17.32,1546.1,0.6363,STANDBY,0,HW-A2
2026-02-02T09:15:30Z,SAT-1004,27.437,17.71,1497.5,0.0379,SAFE_HOLD,0,HW-A2
2026-02-02T09:15:40Z,SAT-1000,28.047,18.42,1498.7,0.7429,NOMINAL,0,HW-A2
2026-02-02T09:15:50Z,SAT-1001,27.273,20.35,1465.2,0.2933,NOMINAL,0,HW-A2
2026-02-02T09:16:00Z,SAT-1002,27.688,19.12,1499.1,0.5966,NOMINAL,0,HW-A2
2026-02-02T09:16:10Z,SAT-1003,28.154,17.99,1443.9,0.638,NOMINAL,0,HW-A2
2026-02-02T09:16:20Z,SAT-1004,27.559,17.89,1550.7,0.2608,NOMINAL,0,HW-A2
2026-02-02T09:16:30Z,SAT-1000,,18.51,1435.8,0.2148,NOMINAL,1,HW-A2
2026-02-02T09:16:40Z,SAT-1001,28.531,19.22,1499.7,0.8769,NOMINAL,0,HW-A2
2026-02-02T09:16:50Z,SAT-1002,27.146,20.69,1447.1,0.9436,NOMINAL,0,HW-A2
2026-02-02T09:17:00Z,SAT-1003,,18.18,1528.7,0.2615,NOMINAL,0,HW-A2
2026-02-02T09:17:10Z,SAT-1004,27.541,18.41,1508.4,0.1833,NOMINAL,0,HW-A2
2026-02-02T09:17:20Z,SAT-1000,28.133,17.25,1555.9,0.2385,NOMINAL,0,HW-A2
2026-02-02T09:17:30Z,SAT-1001,28.274,19.94,1559.4,0.5991,NOMINAL,0,HW-A2
2026-02-02T09:17:40Z,SAT-1002,27.763,17.2,1547.0,0.4844,NOMINAL,0,HW-A2
2026-02-02T09:17:50Z,SAT-1003,28.438,19.73,1368.5,0.9405,NOMINAL,0,HW-A2
2026-02-02T09:18:00Z,SAT-1004,28.559,19.79,1542.3,0.0172,NOMINAL,0,HW-A2
2026-02-02T09:18:00Z,SAT-1004,28.559,19.79,1542.3,0.0172,NOMINAL,0,HW-A2
2026-02-02T09:18:10Z,SAT-1000,,18.01,1515.9,0.9373,NOMINAL,0,HW-A2
2026-02-02T09:23:10Z,SAT-1001,27.839,18.85,1501.8,0.4837,NOMINAL,0,HW-A2
2026-02-02T09:23:20Z,SAT-1002,28.608,17.37,1579.0,0.5126,NOMINAL,0,HW-A2
2026-02-02T09:23:30Z,SAT-1003,27.927,18.86,1523.6,0.442,NOMINAL,0,HW-A2
2026-02-02T09:23:40Z,SAT-1004,,19.9,1471.2,0.175,NOMINAL,0,HW-A2
2026-02-02T09:23:50Z,SAT-1000,28.032,18.67,1545.4,0.5078,NOMINAL,0,HW-A2
2026-02-02T09:24:00Z,SAT-1001,27.107,18.13,1505.6,0.2004,NOMINAL,0,HW-A2
2026-02-02T09:24:10Z,SAT-1002,27.467,18.84,1478.5,0.2159,NOMINAL,0,HW-A2
2026-02-02T09:24:20Z,SAT-1003,28.427,18.84,1586.1,0.6626,SAFE_HOLD,0,HW-A2
2026-02-02T09:24:30Z,SAT-1004,28.78,--,1599.2,0.7285,NOMINAL,0,HW-A2
2026-02-02T09:24:40Z,SAT-1000,27.547,19.14,1496.6,0.3442,NOMINAL,0,HW-A2
2026-02-02T09:24:50Z,SAT-1001,28.222,19.31,1431.3,0.5296,NOMINAL,0,HW-A2
2026-02-02T09:25:00Z,SAT-1002,,19.89,1507.6,0.7082,SAFE_HOLD,0,HW-A2
2026-02-02T09:25:10Z,SAT-1003,27.389,18.99,1550.7,0.0159,NOMINAL,0,HW-A2
2026-02-02T09:25:20Z,SAT-1004,27.8,17.38,1463.7,0.0233,NOMINAL,0,HW-A2
2026-02-02T09:25:30Z,SAT-1000,28.323,16.29,1510.7,0.423,NOMINAL,0,HW-A2
2026-02-02T09:25:40Z,SAT-1001,26.841,20.23,1469.9,0.4866,NOMINAL,0,HW-A2
2026-02-02T09:25:50Z,SAT-1002,27.962,17.99,1427.8,0.8186,NOMINAL,0,HW-A2
2026-02-02T09:26:00Z,SAT-1003,28.733,18.96,1523.2,0.8927,NOMINAL,0,HW-A2
2026-02-02T09:26:10Z,SAT-1004,27.931,18.52,1524.5,0.1994,NOMINAL,0,HW-A2
2026-02-02T09:26:20Z,SAT-1000,28.348,18.35,1469.0,0.4898,NOMINAL,0,HW-A2
2026-02-02T09:26:30Z,SAT-1001,28.36,18.38,1486.3,0.6171,NOMINAL,0,HW-A2
2026-02-02T09:26:40Z,SAT-1002,28.589,18.41,1516.3,0.1113,NOMINAL,0,HW-A2
2026-02-02T09:26:50Z,SAT-1003,27.731,19.39,1562.5,0.0206,SAFE_HOLD,0,HW-A2
2026-02-02T09:27:00Z,SAT-1004,27.93,--,1516.9,0.8362,NOMINAL,0,HW-A2
2026-02-02T09:27:10Z,SAT-1000,,18.04,1455.2,0.4416,NOMINAL,0,HW-A2
2026-02-02T09:27:20Z,SAT-1001,,19.97,1515.2,0.9663,NOMINAL,0,HW-A2
2026-02-02T09:27:30Z,SAT-1002,28.048,21.57,1525.2,0.9015,NOMINAL,0,HW-A2
2026-02-02T09:27:40Z,SAT-1003,27.889,20.89,1499.6,0.4494,NOMINAL,0,HW-A2
2026-02-02T09:27:50Z,SAT-1004,27.458,18.39,1495.1,0.0167,STANDBY,0,HW-A2
2026-02-02T09:28:00Z,SAT-1000,27.937,ERR,1507.1,0.58,NOMINAL,1,HW-A2
2026-02-02T09:28:10Z,SAT-1001,28.906,19.72,1522.5,0.374,NOMINAL,0,HW-A2
2026-02-02T09:28:20Z,SAT-1002,28.57,20.77,1484.5,0.4274,NOMINAL,0,HW-A2
2026-02-02T09:28:30Z,SAT-1003,28.267,19.25,1482.8,0.7671,NOMINAL,0,HW-A2
2026-02-02T09:28:40Z,SAT-1004,28.172,17.62,1504.6,0.0226,NOMINAL,0,HW-A2
2026-02-02T09:28:50Z,SAT-1000,,18.56,1584.8,0.6801,NOMINAL,0,HW-A2
2026-02-02T09:29:00Z,SAT-1001,28.379,17.4,1452.8,0.9505,NOMINAL,0,HW-A2
2026-02-02T09:29:10Z,SAT-1002,27.091,17.68,1492.0,0.286,NOMINAL,0,HW-A2
2026-02-02T09:29:20Z,SAT-1003,27.639,N/A,1507.4,0.0027,NOMINAL,0,HW-A2
2026-02-02T09:29:30Z,SAT-1004,,20.46,1521.0,0.7585,NOMINAL,0,HW-A2
2026-02-02T09:29:40Z,SAT-1000,28.792,18.18,1427.9,0.5466,NOMINAL,0,HW-A2
2026-02-02T09:29:50Z,SAT-1001,28.294,18.48,1455.1,0.7767,NOMINAL,0,HW-A2
2026-02-02T09:30:00Z,SAT-1002,27.46,18.41,1431.3,0.8446,NOMINAL,0,HW-A2
2026-02-02T09:30:10Z,SAT-1003,28.59,17.71,1486.1,0.9211,NOMINAL,0,HW-A2
2026-02-02T09:30:20Z,SAT-1004,27.538,18.28,1517.1,0.1836,NOMINAL,0,HW-A2
2026-02-02T09:30:30Z,SAT-1000,,19.53,1558.8,0.5585,NOMINAL,0,HW-A2
2026-02-02T09:30:40Z,SAT-1001,27.168,18.3,1526.1,0.0525,NOMINAL,0,HW-A2
2026-02-02T09:30:50Z,SAT-1002,27.299,18.8,1516.9,0.5614,NOMINAL,0,HW-A2
2026-02-02T09:31:00Z,SAT-1003,26.833,18.61,1521.0,0.5305,SAFE_HOLD,0,HW-A2
2026-02-02T09:31:10Z,SAT-1004,28.103,18.96,1504.1,0.1785,NOMINAL,0,HW-A2
2026-02-02T09:31:20Z,SAT-1000,37.362,19.11,1511.1,0.0733,STANDBY,0,HW-A2
2026-02-02T09:31:30Z,SAT-1001,28.567,ERR,1503.2,0.0077,NOMINAL,0,HW-A2
2026-02-02T09:31:40Z,SAT-1002,28.85,19.21,1498.8,0.5488,NOMINAL,0,HW-A2
2026-02-02T09:31:50Z,SAT-1003,27.517,19.56,1544.7,0.0059,NOMINAL,0,HW-A2
2026-02-02T09:32:00Z,SAT-1004,27.711,19.29,1465.9,0.0016,NOMINAL,0,HW-A2
2026-02-02T09:32:10Z,SAT-1000,28.888,19.25,1490.3,0.7605,NOMINAL,0,HW-A2
2026-02-02T09:32:20Z,SAT-1001,27.778,18.1,1527.0,0.8632,NOMINAL,0,HW-A2
2026-02-02T09:32:30Z,SAT-1002,28.617,18.39,1483.3,0.0521,STANDBY,0,HW-A2
2026-02-02T09:32:40Z,SAT-1003,28.204,19.15,1542.9,0.2868,NOMINAL,0,HW-A2
2026-02-02T09:32:50Z,SAT-1004,27.952,18.27,1587.7,0.6085,STANDBY,0,HW-A2
2026-02-02T09:33:00Z,SAT-1000,27.515,16.15,1446.7,0.7985,NOMINAL,0,HW-A2
2026-02-02T09:33:10Z,SAT-1001,,19.31,1536.1,0.2918,NOMINAL,0,HW-A2
2026-02-02T09:33:20Z,SAT-1002,28.479,20.3,1492.8,0.3102,NOMINAL,0,HW-A2
2026-02-02T09:33:30Z,SAT-1003,28.368,17.29,1475.8,0.6011,NOMINAL,0,HW-A2
2026-02-02T09:33:40Z,SAT-1004,36.745,18.9,1484.1,0.9844,NOMINAL,0,HW-A2
2026-02-02T09:33:50Z,SAT-1000,28.089,18.17,1504.6,0.0345,NOMINAL,0,HW-A2
2026-02-02T09:34:00Z,SAT-1001,27.691,19.25,1458.3,0.8358,NOMINAL,0,HW-A2
2026-02-02T09:34:10Z,SAT-1002,28.185,18.38,1553.5,0.3221,NOMINAL,0,HW-A2
2026-02-02T09:34:20Z,SAT-1003,27.129,19.33,1576.2,0.5631,NOMINAL,0,HW-A2
2026-02-02T09:34:30Z,SAT-1004,27.423,17.73,1487.4,0.2645,NOMINAL,0,HW-A2
2026-02-02T09:34:40Z,SAT-1000,28.202,21.69,1452.3,0.0305,NOMINAL,1,HW-A2
2026-02-02T09:34:50Z,SAT-1001,28.251,18.2,1544.7,0.6125,SAFE_HOLD,0,HW-A2
2026-02-02T09:35:00Z,SAT-1002,28.373,19.91,1573.3,0.4158,NOMINAL,0,HW-A2
2026-02-02T09:35:10Z,SAT-1003,27.531,17.06,1477.4,0.7541,NOMINAL,0,HW-A2
2026-02-02T09:35:20Z,SAT-1004,27.381,19.14,1473.0,0.0519,NOMINAL,0,HW-A2
2026-02-02T09:35:30Z,SAT-1000,28.128,19.69,1560.7,0.918,NOMINAL,0,HW-A2
2026-02-02T09:35:40Z,SAT-1001,27.106,18.82,1486.5,0.0661,NOMINAL,0,HW-A2
2026-02-02T09:35:50Z,SAT-1002,27.226,18.94,1489.1,0.3563,NOMINAL,0,HW-A2
2026-02-02T09:36:00Z,SAT-1003,,19.39,1527.0,0.9423,NOMINAL,0,HW-A2
2026-02-02T09:36:10Z,SAT-1004,28.771,18.53,1571.4,0.3974,NOMINAL,0,HW-A2
2026-02-02T09:36:20Z,SAT-1000,29.271,17.51,1490.0,0.7117,SAFE_HOLD,0,HW-A2
2026-02-02T09:36:30Z,SAT-1001,27.237,17.71,1530.2,0.8575,NOMINAL,0,HW-A2
2026-02-02T09:36:40Z,SAT-1002,28.108,19.25,1496.3,0.6928,NOMINAL,0,HW-A2
2026-02-02T09:36:50Z,SAT-1003,27.571,18.77,1510.7,0.8062,STANDBY,0,HW-A2
2026-02-02T09:37:00Z,SAT-1004,28.238,20.46,1507.9,0.6022,NOMINAL,0,HW-A2
2026-02-02T09:37:10Z,SAT-1000,28.108,18.43,1500.7,0.2834,NOMINAL,0,HW-A2
2026-02-02T09:37:20Z,SAT-1001,27.201,18.4,1498.0,0.9331,NOMINAL,0,HW-A2
2026-02-02T09:37:30Z,SAT-1002,,17.6,1453.5,0.9613,NOMINAL,0,HW-A2
2026-02-02T09:37:40Z,SAT-1003,28.317,18.9,1516.5,0.4391,NOMINAL,0,HW-A2
2026-02-02T09:37:50Z,SAT-1004,27.735,19.18,1492.2,0.8473,NOMINAL,0,HW-A2
2026-02-02T09:38:00Z,SAT-1000,28.493,17.21,1462.1,0.2344,NOMINAL,0,HW-A2
2026-02-02T09:38:10Z,SAT-1001,28.382,20.28,1522.3,0.5473,NOMINAL,0,HW-A2
2026-02-02T09:38:20Z,SAT-1002,28.516,18.92,1489.2,0.9665,NOMINAL,0,HW-A2
2026-02-02T09:38:30Z,SAT-1003,27.364,18.97,1507.9,0.5585,NOMINAL,0,HW-A2
2026-02-02T09:38:40Z,SAT-1004,28.029,18.87,1500.4,0.3587,NOMINAL,0,HW-A2
2026-02-02T09:38:50Z,SAT-1000,27.945,19.5,1490.1,0.8691,NOMINAL,0,HW-A2
2026-02-02T09:39:00Z,SAT-1001,29.021,20.03,1438.5,0.0238,NOMINAL,0,HW-A2
2026-02-02T09:39:10Z,SAT-1002,27.217,18.52,1470.5,0.6115,NOMINAL,0,HW-A2
2026-02-02T09:39:20Z,SAT-1003,28.177,17.72,1442.0,0.8743,NOMINAL,0,HW-A2
2026-02-02T09:39:30Z,SAT-1004,28.654,17.67,1436.3,0.9522,NOMINAL,0,HW-A2
2026-02-02T09:39:30Z,SAT-1004,28.654,17.67,1436.3,0.9522,NOMINAL,0,HW-A2
2026-02-02T09:39:40Z,SAT-1000,29.212,18.45,1532.3,0.7143,NOMINAL,0,HW-A2
2026-02-02T09:39:50Z,SAT-1001,27.059,18.16,1503.2,0.3521,NOMINAL,0,HW-A2
2026-02-02T09:40:00Z,SAT-1002,28.379,18.53,1470.8,0.4364,NOMINAL,0,HW-A2
2026-02-02T09:40:10Z,SAT-1003,28.473,17.92,1550.0,0.7676,STANDBY,0,HW-A2
2026-02-02T09:40:20Z,SAT-1004,27.427,18.69,1449.0,0.3807,NOMINAL,0,HW-A2
2026-02-02T09:40:30Z,SAT-1000,28.052,19.36,1520.5,0.8953,NOMINAL,0,HW-A2
2026-02-02T09:40:40Z,SAT-1001,28.24,19.45,1544.0,0.7554,STANDBY,0,HW-A2
2026-02-02T09:40:50Z,SAT-1002,27.745,18.99,1444.5,0.202,NOMINAL,0,HW-A2
2026-02-02T09:41:00Z,SAT-1003,36.937,18.09,1470.2,0.3288,NOMINAL,0,HW-A2
2026-02-02T09:41:10Z,SAT-1004,28.381,17.94,1479.0,0.845,NOMINAL,0,HW-A2
2026-02-02T09:41:20Z,SAT-1000,27.737,18.64,1484.1,0.3951,STANDBY,1,HW-A2
2026-02-02T09:41:30Z,SAT-1001,27.741,19.02,1459.6,0.1973,NOMINAL,0,HW-A2
2026-02-02T09:41:40Z,SAT-1002,28.411,19.67,1452.3,0.837,NOMINAL,0,HW-A2
2026-02-02T09:41:50Z,SAT-1003,27.522,18.58,1578.1,0.9558,NOMINAL,0,HW-A2
2026-02-02T09:42:00Z,SAT-1004,27.525,19.15,1534.1,0.2225,NOMINAL,0,HW-A2
2026-02-02T09:42:10Z,SAT-1000,,19.77,1530.1,0.7302,NOMINAL,0,HW-A2
2026-02-02T09:42:20Z,SAT-1001,27.714,20.7,1488.5,0.1363,NOMINAL,0,HW-A2
2026-02-02T09:42:30Z,SAT-1002,26.947,20.22,1491.1,0.8326,NOMINAL,0,HW-A2
2026-02-02T09:42:40Z,SAT-1003,28.048,19.66,1443.4,0.3121,NOMINAL,0,HW-A2
2026-02-02T09:42:50Z,SAT-1004,27.785,18.66,1364.4,0.2259,NOMINAL,0,HW-A2
2026-02-02T09:43:00Z,SAT-1000,27.838,19.58,1477.2,0.8865,NOMINAL,0,HW-A2
2026-02-02T09:43:10Z,SAT-1001,,19.29,1463.0,0.1758,NOMINAL,0,HW-A2
2026-02-02T09:43:20Z,SAT-1002,20.203,19.54,1497.6,0.5064,NOMINAL,0,HW-A2
2026-02-02T09:43:30Z,SAT-1003,28.677,19.99,1501.2,0.6905,NOMINAL,0,HW-A2
2026-02-02T09:43:30Z,SAT-1003,28.677,19.99,1501.2,0.6905,NOMINAL,0,HW-A2
2026-02-02T09:43:40Z,SAT-1004,27.867,17.64,1472.3,0.5402,NOMINAL,0,HW-A2
2026-02-02T09:43:50Z,SAT-1000,27.694,19.65,1530.8,0.8415,NOMINAL,0,HW-A2
2026-02-02T09:44:00Z,SAT-1001,26.765,19.29,1488.0,0.4149,NOMINAL,0,HW-A2
2026-02-02T09:44:10Z,SAT-1002,29.127,19.2,1452.9,0.482,NOMINAL,0,HW-A2
2026-02-02T09:44:20Z,SAT-1003,28.042,19.23,1543.6,0.2389,NOMINAL,0,HW-A2
2026-02-02T09:44:30Z,SAT-1004,27.55,19.39,1428.7,0.2211,NOMINAL,0,HW-A2
2026-02-02T09:44:40Z,SAT-1000,27.397,18.3,1507.9,0.4888,NOMINAL,0,HW-A2
2026-02-02T09:44:50Z,SAT-1001,,19.18,1478.4,0.4923,NOMINAL,0,HW-A2
2026-02-02T09:45:00Z,SAT-1002,27.121,18.9,1492.3,0.9834,STANDBY,0,HW-A2
2026-02-02T09:45:10Z,SAT-1003,28.265,19.29,1450.1,0.4555,NOMINAL,0,HW-A2
2026-02-02T09:45:20Z,SAT-1004,27.846,19.11,1456.9,0.2776,NOMINAL,0,HW-A2
2026-02-02T09:45:30Z,SAT-1000,28.17,20.72,1478.9,0.9549,STANDBY,0,HW-A2
2026-02-02T09:45:40Z,SAT-1001,27.108,18.65,1448.8,0.2086,STANDBY,0,HW-A2
2026-02-02T09:45:50Z,SAT-1002,29.157,18.23,1453.0,0.3401,NOMINAL,0,HW-A2
2026-02-02T09:50:50Z,SAT-1003,37.127,19.99,1486.2,0.6893,NOMINAL,0,HW-A2
2026-02-02T09:51:00Z,SAT-1004,28.486,18.38,1519.8,0.4302,NOMINAL,0,HW-A2
2026-02-02T09:51:10Z,SAT-1000,26.968,17.58,1481.0,0.0126,NOMINAL,0,HW-A2
2026-02-02T09:51:20Z,SAT-1001,,18.39,1452.6,0.5672,NOMINAL,0,HW-A2
2026-02-02T09:51:30Z,SAT-1002,27.149,19.67,1578.5,0.8695,NOMINAL,0,HW-A2
2026-02-02T09:51:40Z,SAT-1003,26.782,19.34,1479.3,0.2437,NOMINAL,0,HW-A2
2026-02-02T09:51:50Z,SAT-1004,28.033,18.49,1512.2,0.2758,NOMINAL,0,HW-A2
2026-02-02T09:52:00Z,SAT-1000,28.837,20.03,1463.4,0.5218,NOMINAL,0,HW-A2
2026-02-02T09:52:10Z,SAT-1001,27.516,19.51,1551.5,0.1578,NOMINAL,0,HW-A2
2026-02-02T09:52:20Z,SAT-1002,,19.67,1539.5,0.6346,NOMINAL,0,HW-A2
2026-02-02T09:52:30Z,SAT-1003,27.494,20.97,1469.0,0.7808,STANDBY,0,HW-A2
2026-02-02T09:52:40Z,SAT-1004,26.692,18.8,1501.8,0.7331,NOMINAL,0,HW-A2
2026-02-02T09:52:50Z,SAT-1000,,17.41,1571.2,0.9194,NOMINAL,1,HW-A2
2026-02-02T09:53:00Z,SAT-1001,,19.14,1545.9,0.7917,NOMINAL,0,HW-A2
2026-02-02T09:53:10Z,SAT-1002,27.792,19.09,1541.9,0.9363,NOMINAL,0,HW-A2
2026-02-02T09:53:20Z,SAT-1003,26.845,19.45,1473.7,0.8383,NOMINAL,0,HW-A2
2026-02-02T09:53:30Z,SAT-1004,27.821,20.05,1422.1,0.7129,NOMINAL,0,HW-A2
2026-02-02T09:53:40Z,SAT-1000,27.756,17.37,1515.5,0.1394,NOMINAL,0,HW-A2
2026-02-02T09:53:50Z,SAT-1001,28.142,17.47,1547.1,0.2404,NOMINAL,0,HW-A2
2026-02-02T09:54:00Z,SAT-1002,28.457,17.38,1602.2,0.2763,STANDBY,0,HW-A2
2026-02-02T09:54:10Z,SAT-1003,28.722,18.93,1460.1,0.1273,NOMINAL,0,HW-A2
2026-02-02T09:54:20Z,SAT-1004,26.715,20.47,1547.8,0.8616,NOMINAL,0,HW-A2
2026-02-02T09:54:30Z,SAT-1000,28.452,18.25,1533.6,0.4987,NOMINAL,0,HW-A2
2026-02-02T09:54:40Z,SAT-1001,,18.44,1519.1,0.6295,NOMINAL,0,HW-A2
2026-02-02T09:54:50Z,SAT-1002,28.435,19.65,1507.6,0.0372,NOMINAL,0,HW-A2
2026-02-02T09:55:00Z,SAT-1003,28.325,19.45,1572.6,0.2889,NOMINAL,0,HW-A2
2026-02-02T09:55:10Z,SAT-1004,28.854,18.67,1509.0,0.6838,NOMINAL,0,HW-A2
2026-02-02T09:55:20Z,SAT-1000,27.186,18.3,1548.2,0.2865,NOMINAL,0,HW-A2
2026-02-02T09:55:30Z,SAT-1001,28.262,18.44,1456.2,0.1676,NOMINAL,0,HW-A2
2026-02-02T09:55:30Z,SAT-1001,28.262,18.44,1456.2,0.1676,NOMINAL,0,HW-A2
2026-02-02T09:55:40Z,SAT-1002,28.594,18.87,1513.4,0.1445,NOMINAL,0,HW-A2
2026-02-02T09:55:50Z,SAT-1003,26.982,19.46,1548.5,0.0961,NOMINAL,0,HW-A2
2026-02-02T09:56:00Z,SAT-1004,28.164,18.41,1470.6,0.567,SAFE_HOLD,0,HW-A2
2026-02-02T09:56:10Z,SAT-1000,27.385,19.74,1514.5,0.2648,NOMINAL,0,HW-A2
2026-02-02T09:56:20Z,SAT-1001,27.632,19.2,1524.9,0.4188,STANDBY,0,HW-A2
2026-02-02T09:56:30Z,SAT-1002,29.027,17.45,1569.7,0.2032,NOMINAL,0,HW-A2
2026-02-02T09:56:40Z,SAT-1003,27.77,18.55,1477.7,0.788,NOMINAL,0,HW-A2
2026-02-02T09:56:50Z,SAT-1004,36.139,19.91,1439.5,0.0294,NOMINAL,0,HW-A2
2026-02-02T09:57:00Z,SAT-1000,27.89,19.22,1546.4,0.5403,NOMINAL,0,HW-A2
2026-02-02T09:57:10Z,SAT-1001,,17.92,1525.5,0.3353,NOMINAL,0,HW-A2
2026-02-02T09:57:20Z,SAT-1002,28.189,20.34,1533.8,0.9698,NOMINAL,0,HW-A2
2026-02-02T09:57:30Z,SAT-1003,27.166,20.42,1476.5,0.3376,NOMINAL,0,HW-A2
2026-02-02T09:57:40Z,SAT-1004,,19.64,1469.2,0.5319,NOMINAL,0,HW-A2
2026-02-02T09:57:50Z,SAT-1000,26.782,--,1429.6,0.0068,NOMINAL,0,HW-A2
2026-02-02T09:58:00Z,SAT-1001,28.279,19.61,1455.4,0.2616,NOMINAL,0,HW-A2
2026-02-02T09:58:10Z,SAT-1002,28.329,18.0,1528.9,0.9775,NOMINAL,0,HW-A2
2026-02-02T09:58:20Z,SAT-1003,27.703,17.51,1499.5,0.6058,NOMINAL,0,HW-A2
2026-02-02T09:58:30Z,SAT-1004,27.796,19.19,1484.4,0.8368,NOMINAL,0,HW-A2
2026-02-02T09:58:40Z,SAT-1000,28.44,18.52,1513.8,0.4452,NOMINAL,0,HW-A2
2026-02-02T09:58:50Z,SAT-1001,28.243,18.32,1498.5,0.1197,NOMINAL,0,HW-A2
2026-02-02T09:59:00Z,SAT-1002,28.491,18.87,1456.2,0.8696,NOMINAL,0,HW-A2
2026-02-02T09:59:10Z,SAT-1003,27.491,19.15,1552.4,0.618,NOMINAL,0,HW-A2
2026-02-02T09:59:20Z,SAT-1004,29.044,18.8,1556.8,0.6962,NOMINAL,0,HW-A2
2026-02-02T09:59:30Z,SAT-1000,27.357,19.19,1510.2,0.543,NOMINAL,1,HW-A2
2026-02-02T09:59:40Z,SAT-1001,29.329,18.82,1470.8,0.2987,NOMINAL,0,HW-A2
2026-02-02T09:59:50Z,SAT-1002,28.284,17.61,1502.6,0.6053,NOMINAL,0,HW-A2
2026-02-02T10:00:00Z,SAT-1003,27.657,20.42,1525.3,0.3124,NOMINAL,0,HW-A2
2026-02-02T10:00:10Z,SAT-1004,,21.2,1478.5,0.1451,NOMINAL,0,HW-A2
2026-02-02T10:00:20Z,SAT-1000,27.112,ERR,1473.5,0.7045,NOMINAL,0,HW-A2
2026-02-02T10:00:30Z,SAT-1001,27.276,18.33,1510.5,0.9539,NOMINAL,0,HW-A2
2026-02-02T10:00:40Z,SAT-1002,27.002,19.46,1492.2,0.6853,NOMINAL,0,HW-A2
2026-02-02T10:00:50Z,SAT-1003,,18.28,1493.4,0.1313,NOMINAL,0,HW-A2
2026-02-02T10:01:00Z,SAT-1004,28.471,19.24,1486.1,0.33,NOMINAL,0,HW-A2
2026-02-02T10:01:10Z,SAT-1000,27.964,17.89,1494.9,0.6029,NOMINAL,0,HW-A2
2026-02-02T10:01:20Z,SAT-1001,27.736,19.29,1440.3,0.8958,NOMINAL,0,HW-A2
2026-02-02T10:01:30Z,SAT-1002,27.863,20.09,1470.7,0.9436,NOMINAL,0,HW-A2
2026-02-02T10:01:40Z,SAT-1003,27.847,19.73,1483.3,0.2459,NOMINAL,0,HW-A2
2026-02-02T10:01:50Z,SAT-1004,28.834,19.21,1512.5,0.3136,NOMINAL,0,HW-A2
2026-02-02T10:02:00Z,SAT-1000,27.61,19.61,1504.6,0.384,NOMINAL,0,HW-A2
2026-02-02T10:02:10Z,SAT-1001,27.332,20.25,1550.4,0.3471,NOMINAL,0,HW-A2
2026-02-02T10:02:20Z,SAT-1002,28.878,19.49,1516.4,0.3758,NOMINAL,0,HW-A2
2026-02-02T10:02:20Z,SAT-1002,28.878,19.49,1516.4,0.3758,NOMINAL,0,HW-A2
2026-02-02T10:02:30Z,SAT-1003,28.453,19.59,1483.5,0.3113,NOMINAL,0,HW-A2
2026-02-02T10:02:40Z,SAT-1004,28.209,19.18,1560.6,0.2813,NOMINAL,0,HW-A2
2026-02-02T10:02:50Z,SAT-1000,28.381,18.23,1600.9,0.2602,NOMINAL,0,HW-A2
2026-02-02T10:03:00Z,SAT-1001,27.707,18.0,1472.6,0.4784,NOMINAL,0,HW-A2
2026-02-02T10:03:10Z,SAT-1002,,20.17,1518.6,0.1323,STANDBY,0,HW-A2
2026-02-02T10:03:20Z,SAT-1003,28.173,18.35,1450.0,0.0062,NOMINAL,0,HW-A2
2026-02-02T10:03:30Z,SAT-1004,27.919,18.37,1539.5,0.6461,NOMINAL,0,HW-A2
2026-02-02T10:03:40Z,SAT-1000,27.851,19.07,1501.6,0.7685,NOMINAL,0,HW-A2
2026-02-02T10:03:40Z,SAT-1000,27.851,19.07,1501.6,0.7685,NOMINAL,0,HW-A2
2026-02-02T10:03:50Z,SAT-1001,27.628,19.52,1458.0,0.7542,NOMINAL,0,HW-A2
2026-02-02T10:04:00Z,SAT-1002,28.858,18.08,1576.7,0.115,NOMINAL,0,HW-A2
2026-02-02T10:04:10Z,SAT-1003,28.06,17.78,1410.5,0.9983,SAFE_HOLD,0,HW-A2
2026-02-02T10:04:20Z,SAT-1004,29.029,17.58,1442.3,0.9811,NOMINAL,0,HW-A2
2026-02-02T10:04:20Z,SAT-1004,29.029,17.58,1442.3,0.9811,NOMINAL,0,HW-A2
2026-02-02T10:04:30Z,SAT-1000,27.465,18.88,1528.8,0.8885,NOMINAL,0,HW-A2
2026-02-02T10:04:40Z,SAT-1001,27.569,19.14,1507.5,0.1105,NOMINAL,0,HW-A2
2026-02-02T10:04:50Z,SAT-1002,36.942,18.17,1524.6,0.3963,NOMINAL,0,HW-A2
2026-02-02T10:05:00Z,SAT-1003,,18.64,1443.3,0.643,NOMINAL,0,HW-A2
2026-02-02T10:05:10Z,SAT-1004,27.513,18.39,1495.3,0.6379,NOMINAL,0,HW-A2
2026-02-02T10:05:20Z,SAT-1000,28.415,20.33,1476.3,0.5414,NOMINAL,0,HW-A2
2026-02-02T10:05:30Z,SAT-1001,,20.04,1524.5,0.0392,NOMINAL,0,HW-A2
2026-02-02T10:05:40Z,SAT-1002,27.919,19.27,1418.6,0.7581,NOMINAL,0,HW-A2
2026-02-02T10:05:40Z,SAT-1002,27.919,19.27,1418.6,0.7581,NOMINAL,0,HW-A2
2026-02-02T10:05:50Z,SAT-1003,28.66,19.7,1500.1,0.0888,NOMINAL,0,HW-A2
2026-02-02T10:06:00Z,SAT-1004,28.12,19.03,1498.2,0.6282,NOMINAL,0,HW-A2
2026-02-02T10:06:10Z,SAT-1000,,18.79,1508.8,0.454,NOMINAL,1,HW-A2
2026-02-02T10:06:20Z,SAT-1001,27.559,N/A,1439.9,0.9358,NOMINAL,0,HW-A2
2026-02-02T10:06:30Z,SAT-1002,27.878,19.43,1521.1,0.9589,SAFE_HOLD,0,HW-A2
2026-02-02T10:06:40Z,SAT-1003,,17.15,1474.0,0.1517,NOMINAL,0,HW-A2
2026-02-02T10:06:50Z,SAT-1004,27.896,18.68,1451.0,0.0292,NOMINAL,0,HW-A2
2026-02-02T10:07:00Z,SAT-1000,28.886,20.62,1406.2,0.51,NOMINAL,0,HW-A2
2026-02-02T10:07:10Z,SAT-1001,27.751,18.45,1461.6,0.7726,STANDBY,0,HW-A2
2026-02-02T10:07:20Z,SAT-1002,,18.13,1464.0,0.55,NOMINAL,0,HW-A2
2026-02-02T10:07:30Z,SAT-1003,28.112,18.51,1536.7,0.5036,NOMINAL,0,HW-A2
2026-02-02T10:07:40Z,SAT-1004,28.491,18.77,1472.2,0.2783,NOMINAL,0,HW-A2
2026-02-02T10:07:50Z,SAT-1000,27.882,19.89,1535.9,0.9592,NOMINAL,0,HW-A2
2026-02-02T10:08:00Z,SAT-1001,,18.94,1436.3,0.7315,NOMINAL,0,HW-A2
2026-02-02T10:08:10Z,SAT-1002,28.44,16.92,1452.5,0.478,SAFE_HOLD,0,HW-A2
2026-02-02T10:08:20Z,SAT-1003,28.04,18.88,1503.1,0.0766,NOMINAL,0,HW-A2
2026-02-02T10:08:30Z,SAT-1004,27.452,19.05,1404.5,0.6418,NOMINAL,0,HW-A2
2026-02-02T10:08:40Z,SAT-1000,27.682,18.38,1511.7,0.3769,STANDBY,0,HW-A2
2026-02-02T10:08:40Z,SAT-1000,27.682,18.38,1511.7,0.3769,STANDBY,0,HW-A2
2026-02-02T10:08:50Z,SAT-1001,,19.52,1446.9,0.3411,NOMINAL,0,HW-A2
2026-02-02T10:09:00Z,SAT-1002,,19.28,1422.5,0.2142,NOMINAL,0,HW-A2
2026-02-02T10:09:10Z,SAT-1003,28.079,20.62,1527.8,0.9658,NOMINAL,0,HW-A2
2026-02-02T10:09:20Z,SAT-1004,27.905,18.48,1455.5,0.2451,NOMINAL,0,HW-A2
2026-02-02T10:09:30Z,SAT-1000,27.791,ERR,1498.5,0.4884,NOMINAL,0,HW-A2
2026-02-02T10:09:40Z,SAT-1001,28.236,19.5,1568.0,0.7969,NOMINAL,0,HW-A2
2026-02-02T10:09:50Z,SAT-1002,27.729,19.04,1559.5,0.6448,NOMINAL,0,HW-A2
2026-02-02T10:10:00Z,SAT-1003,29.005,18.96,1547.4,0.7763,NOMINAL,0,HW-A2
2026-02-02T10:10:10Z,SAT-1004,28.625,20.79,1489.7,0.5944,NOMINAL,0,HW-A2
2026-02-02T10:10:20Z,SAT-1000,28.277,19.38,1479.8,0.6456,NOMINAL,0,HW-A2
2026-02-02T10:10:30Z,SAT-1001,,17.94,1553.9,0.0728,NOMINAL,0,HW-A2
2026-02-02T10:10:40Z,SAT-1002,27.172,18.35,1510.7,0.5328,NOMINAL,0,HW-A2
2026-02-02T10:10:50Z,SAT-1003,,18.95,1445.9,0.2618,NOMINAL,0,HW-A2
2026-02-02T10:11:00Z,SAT-1004,27.04,18.31,1426.0,0.5193,NOMINAL,0,HW-A2
2026-02-02T10:11:10Z,SAT-1000,27.752,19.94,1554.3,0.6436,NOMINAL,0,HW-A2
2026-02-02T10:11:20Z,SAT-1001,27.114,19.76,1437.1,0.2254,STANDBY,0,HW-A2
2026-02-02T10:11:30Z,SAT-1002,,19.1,1509.2,0.3153,SAFE_HOLD,0,HW-A2
2026-02-02T10:11:40Z,SAT-1003,28.258,20.47,1469.9,0.5641,NOMINAL,0,HW-A2
2026-02-02T10:11:50Z,SAT-1004,26.966,18.18,1498.3,0.6824,SAFE_HOLD,0,HW-A2
2026-02-02T10:12:00Z,SAT-1000,28.297,18.38,1519.8,0.2407,NOMINAL,0,HW-A2
2026-02-02T10:12:00Z,SAT-1000,28.297,18.38,1519.8,0.2407,NOMINAL,0,HW-A2
2026-02-02T10:12:10Z,SAT-1001,28.391,20.73,1496.2,0.374,NOMINAL,0,HW-A2
2026-02-02T10:12:20Z,SAT-1002,,19.79,1451.7,0.6387,NOMINAL,0,HW-A2
2026-02-02T10:12:30Z,SAT-1003,28.373,17.65,1529.9,0.733,SAFE_HOLD,0,HW-A2
2026-02-02T10:12:40Z,SAT-1004,28.447,20.29,1485.7,0.4484,NOMINAL,0,HW-A2
2026-02-02T10:12:50Z,SAT-1000,28.009,17.02,1501.3,0.7436,NOMINAL,1,HW-A2
2026-02-02T10:13:00Z,SAT-1001,29.883,17.98,1484.8,0.9378,NOMINAL,0,HW-A2
2026-02-02T10:13:10Z,SAT-1002,27.675,19.41,1510.6,0.0947,NOMINAL,0,HW-A2
2026-02-02T10:13:20Z,SAT-1003,28.681,19.64,1457.2,0.991,NOMINAL,0,HW-A2
2026-02-02T10:13:30Z,SAT-1004,28.312,20.01,1468.4,0.8454,NOMINAL,0,HW-A2
2026-02-02T10:18:30Z,SAT-1000,27.579,19.42,1479.0,0.4811,NOMINAL,0,HW-A2
2026-02-02T10:18:40Z,SAT-1001,28.397,19.14,1472.3,0.3065,NOMINAL,0,HW-A2
2026-02-02T10:18:50Z,SAT-1002,27.402,18.47,1518.4,0.8397,NOMINAL,0,HW-A2
2026-02-02T10:19:00Z,SAT-1003,26.853,20.22,1449.2,0.0083,NOMINAL,0,HW-A2
2026-02-02T10:19:10Z,SAT-1004,28.89,17.99,1433.5,0.3433,NOMINAL,0,HW-A2
2026-02-02T10:19:10Z,SAT-1004,28.89,17.99,1433.5,0.3433,NOMINAL,0,HW-A2
2026-02-02T10:19:20Z,SAT-1000,27.611,18.75,1501.7,0.3243,NOMINAL,0,HW-A2
2026-02-02T10:19:30Z,SAT-1001,,18.27,1486.3,0.1291,NOMINAL,0,HW-A2
2026-02-02T10:19:40Z,SAT-1002,28.023,19.24,1470.0,0.43,SAFE_HOLD,0,HW-A2
2026-02-02T10:19:50Z,SAT-1003,28.021,19.14,1471.8,0.9056,SAFE_HOLD,0,HW-A2
2026-02-02T10:20:00Z,SAT-1004,28.321,19.26,1500.0,0.6252,NOMINAL,0,HW-A2
2026-02-02T10:20:10Z,SAT-1000,20.73,18.46,1466.9,0.3363,NOMINAL,0,HW-A2
2026-02-02T10:20:20Z,SAT-1001,27.278,19.02,1475.3,0.6697,NOMINAL,0,HW-A2
2026-02-02T10:20:30Z,SAT-1002,28.057,19.45,1537.1,0.8762,NOMINAL,0,HW-A2
2026-02-02T10:20:40Z,SAT-1003,28.53,19.13,1543.0,0.0915,NOMINAL,0,HW-A2
2026-02-02T10:20:50Z,SAT-1004,,19.34,1530.0,0.3082,NOMINAL,0,HW-A2
2026-02-02T10:21:00Z,SAT-1000,27.314,17.56,1472.9,0.847,NOMINAL,0,HW-A2
2026-02-02T10:21:10Z,SAT-1001,28.399,19.31,1459.4,0.0978,NOMINAL,0,HW-A2
2026-02-02T10:21:20Z,SAT-1002,27.932,20.48,1516.1,0.7383,NOMINAL,0,HW-A2
2026-02-02T10:21:30Z,SAT-1003,27.572,19.13,1529.4,0.4565,NOMINAL,0,HW-A2
2026-02-02T10:21:40Z,SAT-1004,28.313,19.19,1503.0,0.9155,NOMINAL,0,HW-A2
2026-02-02T10:21:50Z,SAT-1000,27.921,18.19,1458.3,0.4411,STANDBY,0,HW-A2
2026-02-02T10:22:00Z,SAT-1001,28.07,17.72,1508.4,0.7653,NOMINAL,0,HW-A2
2026-02-02T10:22:10Z,SAT-1002,28.519,17.69,1509.3,0.8505,NOMINAL,0,HW-A2
2026-02-02T10:22:20Z,SAT-1003,28.412,16.7,1460.4,0.455,NOMINAL,0,HW-A2
2026-02-02T10:22:30Z,SAT-1004,28.548,18.26,1551.2,0.92,STANDBY,0,HW-A2
2026-02-02T10:22:40Z,SAT-1000,27.933,19.37,1567.2,0.4603,NOMINAL,0,HW-A2
2026-02-02T10:22:40Z,SAT-1000,27.933,19.37,1567.2,0.4603,NOMINAL,0,HW-A2
2026-02-02T10:22:50Z,SAT-1001,27.852,19.83,1538.7,0.0127,NOMINAL,0,HW-A2
2026-02-02T10:23:00Z,SAT-1002,,18.42,1474.3,0.7819,NOMINAL,0,HW-A2
2026-02-02T10:23:10Z,SAT-1003,28.108,20.95,1593.7,0.1442,NOMINAL,0,HW-A2
2026-02-02T10:23:20Z,SAT-1004,27.898,19.82,1516.5,0.4614,NOMINAL,0,HW-A2
2026-02-02T10:23:30Z,SAT-1000,27.446,18.87,1480.0,0.0648,NOMINAL,0,HW-A2
2026-02-02T10:23:40Z,SAT-1001,28.179,19.39,1506.3,0.159,NOMINAL,0,HW-A2
2026-02-02T10:23:50Z,SAT-1002,,18.41,1481.5,0.193,NOMINAL,0,HW-A2
2026-02-02T10:24:00Z,SAT-1003,28.526,19.22,1478.7,0.1471,NOMINAL,0,HW-A2
2026-02-02T10:24:10Z,SAT-1004,28.743,21.11,1510.8,0.4413,NOMINAL,0,HW-A2
2026-02-02T10:24:20Z,SAT-1000,28.654,18.35,1549.5,0.7303,NOMINAL,1,HW-A2
2026-02-02T10:24:30Z,SAT-1001,27.734,--,1527.9,0.8923,NOMINAL,0,HW-A2
2026-02-02T10:24:40Z,SAT-1002,28.461,18.45,1476.1,0.1412,NOMINAL,0,HW-A2
2026-02-02T10:24:50Z,SAT-1003,28.536,18.03,1490.4,0.5392,NOMINAL,0,HW-A2
2026-02-02T10:25:00Z,SAT-1004,28.366,17.42,1530.4,0.6411,NOMINAL,0,HW-A2
2026-02-02T10:25:00Z,SAT-1004,28.366,17.42,1530.4,0.6411,NOMINAL,0,HW-A2
2026-02-02T10:25:10Z,SAT-1000,,18.22,1512.3,0.925,NOMINAL,0,HW-A2
2026-02-02T10:25:20Z,SAT-1001,27.14,19.42,1509.7,0.2093,NOMINAL,0,HW-A2
2026-02-02T10:25:30Z,SAT-1002,,19.64,1564.3,0.2926,NOMINAL,0,HW-A2
2026-02-02T10:25:40Z,SAT-1003,27.239,19.04,1530.2,0.273,NOMINAL,0,HW-A2
2026-02-02T10:25:50Z,SAT-1004,,17.66,1462.3,0.8622,NOMINAL,0,HW-A2
2026-02-02T10:26:00Z,SAT-1000,27.998,18.56,1528.0,0.0185,NOMINAL,0,HW-A2
2026-02-02T10:26:10Z,SAT-1001,27.471,20.65,1536.7,0.4984,NOMINAL,0,HW-A2
2026-02-02T10:26:20Z,SAT-1002,27.943,18.19,1470.9,0.282,NOMINAL,0,HW-A2
2026-02-02T10:26:30Z,SAT-1003,29.027,18.96,1579.6,0.0735,NOMINAL,0,HW-A2
2026-02-02T10:26:30Z,SAT-1003,29.027,18.96,1579.6,0.0735,NOMINAL,0,HW-A2
2026-02-02T10:26:40Z,SAT-1004,27.833,--,1522.3,0.6477,NOMINAL,0,HW-A2
2026-02-02T10:26:50Z,SAT-1000,28.706,20.18,1512.8,0.0365,NOMINAL,0,HW-A2
2026-02-02T10:27:00Z,SAT-1001,28.1,18.08,1538.7,0.3261,NOMINAL,0,HW-A2
2026-02-02T10:27:10Z,SAT-1002,28.52,18.73,1490.7,0.1495,NOMINAL,0,HW-A2
2026-02-02T10:27:20Z,SAT-1003,27.654,19.04,1478.5,0.3034,NOMINAL,0,HW-A2
2026-02-02T10:27:30Z,SAT-1004,27.021,19.63,1559.2,0.433,NOMINAL,0,HW-A2
2026-02-02T10:27:40Z,SAT-1000,27.217,18.21,1526.5,0.958,NOMINAL,0,HW-A2
2026-02-02T10:27:50Z,SAT-1001,28.384,ERR,1521.2,0.3698,NOMINAL,0,HW-A2
2026-02-02T10:28:00Z,SAT-1002,27.457,19.11,1448.2,0.0412,SAFE_HOLD,0,HW-A2
2026-02-02T10:28:10Z,SAT-1003,28.021,18.34,1491.7,0.9774,NOMINAL,0,HW-A2
2026-02-02T10:28:20Z,SAT-1004,28.338,19.26,1481.5,0.3195,SAFE_HOLD,0,HW-A2
2026-02-02T10:28:30Z,SAT-1000,28.073,19.71,1478.7,0.6262,NOMINAL,0,HW-A2
2026-02-02T10:28:40Z,SAT-1001,,20.51,1592.8,0.2257,NOMINAL,0,HW-A2
2026-02-02T10:28:50Z,SAT-1002,28.105,17.94,1488.1,0.6931,NOMINAL,0,HW-A2
2026-02-02T10:29:00Z,SAT-1003,28.611,19.36,1429.0,0.5205,NOMINAL,0,HW-A2
2026-02-02T10:29:10Z,SAT-1004,27.659,18.97,1420.6,0.3009,NOMINAL,0,HW-A2
2026-02-02T10:29:20Z,SAT-1000,27.422,20.03,1529.3,0.4114,NOMINAL,0,HW-A2
2026-02-02T10:29:30Z,SAT-1001,27.678,18.33,1501.6,0.182,NOMINAL,0,HW-A2
2026-02-02T10:29:40Z,SAT-1002,26.844,18.6,1490.4,0.568,NOMINAL,0,HW-A2
2026-02-02T10:29:50Z,SAT-1003,27.631,20.01,1484.7,0.0416,NOMINAL,0,HW-A2
2026-02-02T10:30:00Z,SAT-1004,27.337,19.18,1529.8,0.7749,NOMINAL,0,HW-A2
2026-02-02T10:30:00Z,SAT-1004,27.337,19.18,1529.8,0.7749,NOMINAL,0,HW-A2
2026-02-02T10:30:10Z,SAT-1000,28.551,18.42,1511.5,0.0872,NOMINAL,0,HW-A2
2026-02-02T10:30:10Z,SAT-1000,28.551,18.42,1511.5,0.0872,NOMINAL,0,HW-A2
2026-02-02T10:30:20Z,SAT-1001,27.275,18.15,1502.3,0.2647,SAFE_HOLD,0,HW-A2
2026-02-02T10:30:30Z,SAT-1002,28.081,19.06,1475.8,0.8448,NOMINAL,0,HW-A2
2026-02-02T10:30:40Z,SAT-1003,,18.21,1537.7,0.8075,NOMINAL,0,HW-A2
2026-02-02T10:30:50Z,SAT-1004,28.244,19.37,1497.3,0.2688,NOMINAL,0,HW-A2
2026-02-02T10:31:00Z,SAT-1000,28.715,ERR,1537.2,0.8964,NOMINAL,1,HW-A2
2026-02-02T10:31:10Z,SAT-1001,27.664,19.21,1555.0,0.9165,NOMINAL,0,HW-A2
2026-02-02T10:31:20Z,SAT-1002,,20.27,1524.1,0.2162,NOMINAL,0,HW-A2
2026-02-02T10:31:30Z,SAT-1003,27.074,19.99,1560.0,0.8232,NOMINAL,0,HW-A2
2026-02-02T10:31:40Z,SAT-1004,27.326,18.49,1496.3,0.2957,NOMINAL,0,HW-A2
2026-02-02T10:31:40Z,SAT-1004,27.326,18.49,1496.3,0.2957,NOMINAL,0,HW-A2
2026-02-02T10:31:50Z,SAT-1000,28.064,19.98,1511.6,0.9757,NOMINAL,0,HW-A2
2026-02-02T10:32:00Z,SAT-1001,28.479,19.0,1493.1,0.1245,NOMINAL,0,HW-A2
2026-02-02T10:32:10Z,SAT-1002,28.561,19.41,1485.8,0.6771,NOMINAL,0,HW-A2
2026-02-02T10:32:20Z,SAT-1003,28.208,18.66,1482.3,0.4367,NOMINAL,0,HW-A2
2026-02-02T10:32:30Z,SAT-1004,28.376,17.53,1475.9,0.6184,NOMINAL,0,HW-A2
2026-02-02T10:32:40Z,SAT-1000,28.608,18.93,1491.9,0.8975,NOMINAL,0,HW-A2
2026-02-02T10:32:50Z,SAT-1001,27.345,20.48,1542.1,0.7902,NOMINAL,0,HW-A2
2026-02-02T10:32:50Z,SAT-1001,27.345,20.48,1542.1,0.7902,NOMINAL,0,HW-A2
2026-02-02T10:33:00Z,SAT-1002,27.498,16.58,1545.0,0.4095,NOMINAL,0,HW-A2
2026-02-02T10:33:10Z,SAT-1003,26.941,17.96,1487.2,0.3396,NOMINAL,0,HW-A2
2026-02-02T10:33:20Z,SAT-1004,27.926,18.23,1511.7,0.4535,NOMINAL,0,HW-A2
2026-02-02T10:33:30Z,SAT-1000,,21.2,1521.2,0.1217,NOMINAL,0,HW-A2
2026-02-02T10:33:40Z,SAT-1001,28.545,16.6,1457.4,0.4208,NOMINAL,0,HW-A2
2026-02-02T10:33:50Z,SAT-1002,27.431,18.97,1452.8,0.8514,NOMINAL,0,HW-A2
2026-02-02T10:34:00Z,SAT-1003,27.392,19.72,1548.6,0.4992,NOMINAL,0,HW-A2
2026-02-02T10:34:10Z,SAT-1004,28.086,19.72,1527.7,0.7623,NOMINAL,0,HW-A2
2026-02-02T10:34:20Z,SAT-1000,,19.24,1442.8,0.9919,NOMINAL,0,HW-A2
2026-02-02T10:34:20Z,SAT-1000,,19.24,1442.8,0.9919,NOMINAL,0,HW-A2
2026-02-02T10:34:30Z,SAT-1001,29.801,18.66,1530.1,0.565,SAFE_HOLD,0,HW-A2
2026-02-02T10:34:40Z,SAT-1002,28.854,18.65,1554.4,0.7688,NOMINAL,0,HW-A2
2026-02-02T10:34:50Z,SAT-1003,,18.38,1563.5,0.5671,NOMINAL,0,HW-A2
2026-02-02T10:35:00Z,SAT-1004,28.536,17.78,1584.7,0.9853,NOMINAL,0,HW-A2
2026-02-02T10:35:10Z,SAT-1000,27.198,18.6,1493.4,0.3026,NOMINAL,0,HW-A2
2026-02-02T10:35:20Z,SAT-1001,27.912,19.53,1565.7,0.6505,NOMINAL,0,HW-A2
2026-02-02T10:35:30Z,SAT-1002,28.283,18.49,1447.8,0.026,NOMINAL,0,HW-A2
2026-02-02T10:35:30Z,SAT-1002,28.283,18.49,1447.8,0.026,NOMINAL,0,HW-A2
2026-02-02T10:35:40Z,SAT-1003,27.893,19.2,1448.3,0.9977,SAFE_HOLD,0,HW-A2
2026-02-02T10:35:50Z,SAT-1004,28.061,18.32,1480.7,0.8314,NOMINAL,0,HW-A2
2026-02-02T10:36:00Z,SAT-1000,27.419,17.8,1461.6,0.1228,NOMINAL,0,HW-A2
2026-02-02T10:36:10Z,SAT-1001,,17.06,1458.2,0.9861,NOMINAL,0,HW-A2
2026-02-02T10:36:20Z,SAT-1002,27.91,18.48,1464.1,0.5645,NOMINAL,0,HW-A2
2026-02-02T10:36:30Z,SAT-1003,28.89,20.15,1461.5,0.0085,NOMINAL,0,HW-A2
2026-02-02T10:36:40Z,SAT-1004,27.808,18.55,1479.8,0.5136,NOMINAL,0,HW-A2
2026-02-02T10:36:50Z,SAT-1000,28.346,16.95,1500.7,0.5985,NOMINAL,0,HW-A2
2026-02-02T10:37:00Z,SAT-1001,29.09,16.35,1535.2,0.3994,NOMINAL,0,HW-A2
2026-02-02T10:37:10Z,SAT-1002,27.706,19.27,1509.4,0.3967,NOMINAL,0,HW-A2
2026-02-02T10:37:20Z,SAT-1003,28.144,18.63,1548.4,0.2171,NOMINAL,0,HW-A2
2026-02-02T10:37:30Z,SAT-1004,27.991,19.47,1476.5,0.2263,NOMINAL,0,HW-A2
2026-02-02T10:37:40Z,SAT-1000,27.589,19.89,1486.6,0.6789,NOMINAL,1,HW-A2
2026-02-02T10:37:50Z,SAT-1001,28.324,18.73,1532.2,0.5378,NOMINAL,0,HW-A2
2026-02-02T10:38:00Z,SAT-1002,27.769,18.74,1407.7,0.6309,NOMINAL,0,HW-A2
2026-02-02T10:38:10Z,SAT-1003,,19.35,1476.3,0.2103,NOMINAL,0,HW-A2
2026-02-02T10:38:20Z,SAT-1004,28.52,19.53,1442.1,0.587,NOMINAL,0,HW-A2
2026-02-02T10:38:30Z,SAT-1000,29.02,20.44,1498.4,0.5816,NOMINAL,0,HW-A2
2026-02-02T10:38:40Z,SAT-1001,28.626,20.38,1453.8,0.1063,NOMINAL,0,HW-A2
2026-02-02T10:38:50Z,SAT-1002,27.902,16.59,1516.7,0.0076,SAFE_HOLD,0,HW-A2
2026-02-02T10:39:00Z,SAT-1003,28.048,17.61,1473.6,0.4116,STANDBY,0,HW-A2
2026-02-02T10:39:10Z,SAT-1004,28.007,18.68,1581.2,0.8647,NOMINAL,0,HW-A2
2026-02-02T10:39:20Z,SAT-1000,28.017,18.83,1564.5,0.5564,NOMINAL,0,HW-A2
2026-02-02T10:39:30Z,SAT-1001,,20.08,1530.1,0.6199,NOMINAL,0,HW-A2
2026-02-02T10:39:40Z,SAT-1002,28.194,19.46,1505.1,0.3002,STANDBY,0,HW-A2
2026-02-02T10:39:50Z,SAT-1003,29.016,20.06,1472.3,0.4721,NOMINAL,0,HW-A2
2026-02-02T10:40:00Z,SAT-1004,,19.53,1531.4,0.106,NOMINAL,0,HW-A2
2026-02-02T10:40:00Z,SAT-1004,,19.53,1531.4,0.106,NOMINAL,0,HW-A2
2026-02-02T10:40:10Z,SAT-1000,27.994,19.6,1476.2,0.0447,NOMINAL,0,HW-A2
2026-02-02T10:40:20Z,SAT-1001,27.612,18.61,1535.0,0.4807,NOMINAL,0,HW-A2
2026-02-02T10:40:30Z,SAT-1002,27.505,18.47,1478.7,0.3023,NOMINAL,0,HW-A2
2026-02-02T10:40:40Z,SAT-1003,26.706,19.52,1468.7,0.6711,NOMINAL,0,HW-A2
2026-02-02T10:40:50Z,SAT-1004,29.539,20.3,1564.0,0.3475,NOMINAL,0,HW-A2
2026-02-02T10:41:00Z,SAT-1000,26.878,17.6,1466.2,0.3652,NOMINAL,0,HW-A2
2026-02-02T10:41:10Z,SAT-1001,28.019,18.65,1452.8,0.917,NOMINAL,0,HW-A2
2026-02-02T10:46:10Z,SAT-1002,28.349,18.05,1506.3,0.4084,NOMINAL,0,HW-A2
2026-02-02T10:46:20Z,SAT-1003,28.442,18.21,1491.9,0.3688,NOMINAL,0,HW-A2
2026-02-02T10:46:30Z,SAT-1004,,19.34,1537.7,0.8556,NOMINAL,0,HW-A2
2026-02-02T10:46:40Z,SAT-1000,28.003,17.56,1515.6,0.9733,NOMINAL,0,HW-A2
2026-02-02T10:46:50Z,SAT-1001,19.895,18.58,1466.1,0.6636,NOMINAL,0,HW-A2
2026-02-02T10:47:00Z,SAT-1002,28.546,--,1524.6,0.886,NOMINAL,0,HW-A2
2026-02-02T10:47:10Z,SAT-1003,26.45,17.74,1608.4,0.7974,NOMINAL,0,HW-A2
2026-02-02T10:47:20Z,SAT-1004,,19.24,1501.9,0.4657,NOMINAL,0,HW-A2
2026-02-02T10:47:30Z,SAT-1000,,19.54,1448.1,0.8039,NOMINAL,0,HW-A2
2026-02-02T10:47:30Z,SAT-1000,,19.54,1448.1,0.8039,NOMINAL,0,HW-A2
2026-02-02T10:47:40Z,SAT-1001,,19.26,1520.4,0.8792,NOMINAL,0,HW-A2
2026-02-02T10:47:50Z,SAT-1002,27.94,18.65,1497.9,0.5893,NOMINAL,0,HW-A2
2026-02-02T10:48:00Z,SAT-1003,28.778,18.29,1445.8,0.0484,NOMINAL,0,HW-A2
2026-02-02T10:48:10Z,SAT-1004,28.344,ERR,1467.5,0.9993,NOMINAL,0,HW-A2
2026-02-02T10:48:20Z,SAT-1000,29.253,18.37,1491.9,0.4677,NOMINAL,0,HW-A2
2026-02-02T10:48:30Z,SAT-1001,27.923,18.29,1480.2,0.0774,NOMINAL,0,HW-A2
2026-02-02T10:48:40Z,SAT-1002,28.071,19.45,1449.7,0.8288,NOMINAL,0,HW-A2
2026-02-02T10:48:50Z,SAT-1003,28.523,18.4,1508.9,0.0736,NOMINAL,0,HW-A2
2026-02-02T10:49:00Z,SAT-1004,29.04,19.25,1530.2,0.1926,NOMINAL,0,HW-A2
2026-02-02T10:49:10Z,SAT-1000,29.273,21.13,1447.1,0.6119,NOMINAL,1,HW-A2
2026-02-02T10:49:20Z,SAT-1001,27.684,ERR,1529.4,0.2883,NOMINAL,0,HW-A2
2026-02-02T10:49:30Z,SAT-1002,27.877,19.14,1548.2,0.3557,NOMINAL,0,HW-A2
2026-02-02T10:49:40Z,SAT-1003,28.312,17.78,1555.7,0.9721,NOMINAL,0,HW-A2
2026-02-02T10:49:50Z,SAT-1004,28.296,19.59,1471.3,0.6508,NOMINAL,0,HW-A2
2026-02-02T10:50:00Z,SAT-1000,37.252,20.08,1469.1,0.2902,NOMINAL,0,HW-A2
2026-02-02T10:50:10Z,SAT-1001,28.448,19.08,1526.1,0.7515,NOMINAL,0,HW-A2
2026-02-02T10:50:20Z,SAT-1002,29.294,18.26,1529.7,0.5424,NOMINAL,0,HW-A2
2026-02-02T10:50:30Z,SAT-1003,29.137,20.0,1500.9,0.0182,NOMINAL,0,HW-A2
2026-02-02T10:50:40Z,SAT-1004,27.74,19.39,1492.1,0.9424,NOMINAL,0,HW-A2
2026-02-02T10:50:50Z,SAT-1000,28.593,18.75,1560.8,0.9509,NOMINAL,0,HW-A2
2026-02-02T10:51:00Z,SAT-1001,27.582,18.28,1500.7,0.6863,NOMINAL,0,HW-A2
2026-02-02T10:51:10Z,SAT-1002,27.782,18.07,1470.1,0.3272,NOMINAL,0,HW-A2
2026-02-02T10:51:20Z,SAT-1003,29.584,19.38,1449.5,0.4576,NOMINAL,0,HW-A2
2026-02-02T10:51:30Z,SAT-1004,,17.85,1518.9,0.52,NOMINAL,0,HW-A2
2026-02-02T10:51:40Z,SAT-1000,,16.99,1439.7,0.8272,NOMINAL,0,HW-A2
2026-02-02T10:51:50Z,SAT-1001,26.881,18.89,1417.8,0.0614,NOMINAL,0,HW-A2
2026-02-02T10:52:00Z,SAT-1002,28.446,18.44,1468.1,0.3031,NOMINAL,0,HW-A2
2026-02-02T10:52:10Z,SAT-1003,27.061,19.34,1530.4,0.526,NOMINAL,0,HW-A2
2026-02-02T10:52:20Z,SAT-1004,28.503,19.12,1516.0,0.9786,NOMINAL,0,HW-A2
2026-02-02T10:52:30Z,SAT-1000,27.971,19.45,1461.1,0.957,NOMINAL,0,HW-A2
2026-02-02T10:52:40Z,SAT-1001,27.794,21.24,1476.7,0.8047,NOMINAL,0,HW-A2
2026-02-02T10:52:50Z,SAT-1002,28.358,18.02,1475.6,0.3172,NOMINAL,0,HW-A2
2026-02-02T10:53:00Z,SAT-1003,27.365,19.53,1550.0,0.0141,NOMINAL,0,HW-A2
2026-02-02T10:53:10Z,SAT-1004,28.773,20.96,1486.5,0.3099,NOMINAL,0,HW-A2
2026-02-02T10:53:20Z,SAT-1000,27.598,17.02,1540.9,0.1102,NOMINAL,0,HW-A2
2026-02-02T10:53:30Z,SAT-1001,28.008,18.93,1502.2,0.0224,NOMINAL,0,HW-A2
2026-02-02T10:53:40Z,SAT-1002,,18.68,1499.5,0.9306,NOMINAL,0,HW-A2
2026-02-02T10:53:50Z,SAT-1003,,19.96,1561.6,0.5712,NOMINAL,0,HW-A2
2026-02-02T10:54:00Z,SAT-1004,28.918,19.14,1412.2,0.5626,NOMINAL,0,HW-A2
2026-02-02T10:54:10Z,SAT-1000,27.517,19.55,1419.1,0.9226,NOMINAL,0,HW-A2
2026-02-02T10:54:10Z,SAT-1000,27.517,19.55,1419.1,0.9226,NOMINAL,0,HW-A2
2026-02-02T10:54:20Z,SAT-1001,27.938,18.59,1483.4,0.2945,NOMINAL,0,HW-A2
2026-02-02T10:54:30Z,SAT-1002,27.365,17.81,1551.7,0.6993,NOMINAL,0,HW-A2
2026-02-02T10:54:40Z,SAT-1003,28.45,18.04,1445.0,0.3845,NOMINAL,0,HW-A2
2026-02-02T10:54:50Z,SAT-1004,27.858,18.89,1446.7,0.6925,NOMINAL,0,HW-A2
2026-02-02T10:55:00Z,SAT-1000,27.748,18.32,1503.4,0.3113,SAFE_HOLD,0,HW-A2
2026-02-02T10:55:00Z,SAT-1000,27.748,18.32,1503.4,0.3113,SAFE_HOLD,0,HW-A2
2026-02-02T10:55:10Z,SAT-1001,,18.35,1500.3,0.7316,NOMINAL,0,HW-A2
2026-02-02T10:55:20Z,SAT-1002,28.312,18.91,1543.1,0.0135,NOMINAL,0,HW-A2
2026-02-02T10:55:30Z,SAT-1003,28.16,19.71,1493.5,0.0638,NOMINAL,0,HW-A2
2026-02-02T10:55:40Z,SAT-1004,28.175,18.64,1355.4,0.2602,NOMINAL,0,HW-A2
2026-02-02T10:55:50Z,SAT-1000,28.696,19.48,1484.2,0.089,NOMINAL,1,HW-A2
2026-02-02T10:56:00Z,SAT-1001,27.807,18.9,1617.1,0.5615,NOMINAL,0,HW-A2
2026-02-02T10:56:10Z,SAT-1002,,18.24,1519.3,0.9891,NOMINAL,0,HW-A2
2026-02-02T10:56:20Z,SAT-1003,28.122,18.64,1486.8,0.3975,NOMINAL,0,HW-A2
2026-02-02T10:56:30Z,SAT-1004,,18.12,1411.3,0.6087,NOMINAL,0,HW-A2
2026-02-02T10:56:40Z,SAT-1000,27.319,18.48,1462.5,0.9231,NOMINAL,0,HW-A2
2026-02-02T10:56:50Z,SAT-1001,27.165,18.6,1458.2,0.0147,NOMINAL,0,HW-A2
2026-02-02T10:57:00Z,SAT-1002,,17.36,1551.9,0.4132,NOMINAL,0,HW-A2
2026-02-02T10:57:00Z,SAT-1002,,17.36,1551.9,0.4132,NOMINAL,0,HW-A2
2026-02-02T10:57:10Z,SAT-1003,28.605,18.47,1532.3,0.883,STANDBY,0,HW-A2
2026-02-02T10:57:20Z,SAT-1004,27.963,18.37,1492.2,0.0758,NOMINAL,0,HW-A2
2026-02-02T10:57:30Z,SAT-1000,28.232,19.0,1581.3,0.9937,NOMINAL,0,HW-A2
2026-02-02T10:57:40Z,SAT-1001,27.66,17.61,1524.2,0.5381,NOMINAL,0,HW-A2
2026-02-02T10:57:50Z,SAT-1002,28.597,16.98,1500.3,0.0531,NOMINAL,0,HW-A2
2026-02-02T10:58:00Z,SAT-1003,27.494,19.12,1497.6,0.0432,NOMINAL,0,HW-A2
2026-02-02T10:58:10Z,SAT-1004,27.867,19.26,1438.6,0.6865,NOMINAL,0,HW-A2
2026-02-02T10:58:20Z,SAT-1000,26.926,17.64,1503.9,0.2212,NOMINAL,0,HW-A2
2026-02-02T10:58:30Z,SAT-1001,28.218,18.7,1513.2,0.7736,NOMINAL,0,HW-A2
2026-02-02T10:58:40Z,SAT-1002,28.262,19.4,1497.5,0.0531,NOMINAL,0,HW-A2
2026-02-02T10:58:50Z,SAT-1003,27.647,18.94,1524.3,0.5775,NOMINAL,0,HW-A2
2026-02-02T10:59:00Z,SAT-1004,28.246,17.72,1497.2,0.1096,NOMINAL,0,HW-A2
2026-02-02T10:59:10Z,SAT-1000,26.71,ERR,1480.8,0.8012,NOMINAL,0,HW-A2
2026-02-02T10:59:20Z,SAT-1001,,19.81,1515.1,0.4226,NOMINAL,0,HW-A2
2026-02-02T10:59:30Z,SAT-1002,28.017,18.83,1471.5,0.9113,NOMINAL,0,HW-A2
2026-02-02T10:59:40Z,SAT-1003,27.425,20.05,1426.2,0.2068,NOMINAL,0,HW-A2
2026-02-02T10:59:50Z,SAT-1004,26.77,19.78,1507.8,0.34,NOMINAL,0,HW-A2
2026-02-02T11:00:00Z,SAT-1000,27.995,18.45,1525.4,0.0958,NOMINAL,0,HW-A2
2026-02-02T11:00:10Z,SAT-1001,27.554,19.56,1544.8,0.5166,NOMINAL,0,HW-A2
2026-02-02T11:00:20Z,SAT-1002,27.549,19.25,1506.8,0.503,NOMINAL,0,HW-A2
2026-02-02T11:00:30Z,SAT-1003,27.273,19.84,1405.3,0.552,NOMINAL,0,HW-A2
2026-02-02T11:00:40Z,SAT-1004,28.248,17.55,1537.6,0.9934,NOMINAL,0,HW-A2
2026-02-02T11:00:50Z,SAT-1000,,18.25,1430.4,0.5589,NOMINAL,0,HW-A2
2026-02-02T11:01:00Z,SAT-1001,,18.73,1512.8,0.7622,NOMINAL,0,HW-A2
2026-02-02T11:01:10Z,SAT-1002,28.09,17.77,1528.3,0.3351,NOMINAL,0,HW-A2
2026-02-02T11:01:20Z,SAT-1003,28.351,19.42,1466.4,0.9242,NOMINAL,0,HW-A2
2026-02-02T11:01:30Z,SAT-1004,27.638,19.39,1532.6,0.6927,NOMINAL,0,HW-A2
2026-02-02T11:01:40Z,SAT-1000,20.231,18.8,1607.9,0.2285,NOMINAL,0,HW-A2
2026-02-02T11:01:50Z,SAT-1001,29.013,21.95,1518.7,0.911,NOMINAL,0,HW-A2
2026-02-02T11:02:00Z,SAT-1002,27.286,18.37,1488.2,0.2799,NOMINAL,0,HW-A2
2026-02-02T11:02:10Z,SAT-1003,27.879,20.13,1548.5,0.9508,NOMINAL,0,HW-A2
2026-02-02T11:02:20Z,SAT-1004,28.344,19.59,1479.0,0.3421,NOMINAL,0,HW-A2
2026-02-02T11:02:30Z,SAT-1000,,19.16,1496.1,0.4651,NOMINAL,1,HW-A2
2026-02-02T11:02:40Z,SAT-1001,26.93,19.37,1549.9,0.2851,NOMINAL,0,HW-A2
2026-02-02T11:02:50Z,SAT-1002,27.939,19.53,1496.5,0.6373,NOMINAL,0,HW-A2
2026-02-02T11:03:00Z,SAT-1003,28.006,20.92,1498.4,0.0363,NOMINAL,0,HW-A2
2026-02-02T11:03:10Z,SAT-1004,29.309,17.63,1499.7,0.1873,NOMINAL,0,HW-A2
2026-02-02T11:03:20Z,SAT-1000,28.615,17.98,1531.8,0.0786,NOMINAL,0,HW-A2
2026-02-02T11:03:30Z,SAT-1001,28.382,16.93,1392.3,0.7369,NOMINAL,0,HW-A2
2026-02-02T11:03:40Z,SAT-1002,,19.92,1472.9,0.7373,STANDBY,0,HW-A2
2026-02-02T11:03:50Z,SAT-1003,27.713,18.49,1498.3,0.3044,NOMINAL,0,HW-A2
2026-02-02T11:03:50Z,SAT-1003,27.713,18.49,1498.3,0.3044,NOMINAL,0,HW-A2
2026-02-02T11:04:00Z,SAT-1004,27.917,19.71,1539.3,0.1952,SAFE_HOLD,0,HW-A2
2026-02-02T11:04:10Z,SAT-1000,29.207,19.5,1515.1,0.5409,NOMINAL,0,HW-A2
2026-02-02T11:04:20Z,SAT-1001,27.337,19.35,1520.5,0.1886,NOMINAL,0,HW-A2
2026-02-02T11:04:30Z,SAT-1002,28.369,20.95,1464.1,0.2374,NOMINAL,0,HW-A2
2026-02-02T11:04:40Z,SAT-1003,27.884,18.3,1564.2,0.8414,NOMINAL,0,HW-A2
2026-02-02T11:04:50Z,SAT-1004,27.751,17.7,1455.8,0.8212,NOMINAL,0,HW-A2
2026-02-02T11:05:00Z,SAT-1000,,17.63,1550.5,0.7912,NOMINAL,0,HW-A2
2026-02-02T11:05:10Z,SAT-1001,20.55,21.7,1474.0,0.1698,NOMINAL,0,HW-A2
2026-02-02T11:05:20Z,SAT-1002,28.105,20.53,1481.5,0.2119,SAFE_HOLD,0,HW-A2
2026-02-02T11:05:30Z,SAT-1003,28.765,19.83,1483.0,0.9921,NOMINAL,0,HW-A2
2026-02-02T11:05:40Z,SAT-1004,26.877,20.87,1443.6,0.5711,NOMINAL,0,HW-A2
2026-02-02T11:05:50Z,SAT-1000,36.764,18.12,1543.4,0.3632,NOMINAL,0,HW-A2
2026-02-02T11:06:00Z,SAT-1001,,19.49,1465.2,0.8054,NOMINAL,0,HW-A2
2026-02-02T11:06:10Z,SAT-1002,27.277,19.22,1482.6,0.8427,NOMINAL,0,HW-A2
2026-02-02T11:06:20Z,SAT-1003,28.487,18.42,1501.6,0.8858,NOMINAL,0,HW-A2
2026-02-02T11:06:30Z,SAT-1004,27.556,19.36,1567.4,0.7379,NOMINAL,0,HW-A2
2026-02-02T11:06:40Z,SAT-1000,,18.71,1553.0,0.225,NOMINAL,0,HW-A2
2026-02-02T11:06:50Z,SAT-1001,,18.5,1520.0,0.9124,NOMINAL,0,HW-A2
2026-02-02T11:07:00Z,SAT-1002,27.794,18.34,1528.9,0.9518,NOMINAL,0,HW-A2
2026-02-02T11:07:10Z,SAT-1003,27.617,18.64,1463.2,0.5587,NOMINAL,0,HW-A2
2026-02-02T11:07:20Z,SAT-1004,28.019,18.81,1474.3,0.9675,NOMINAL,0,HW-A2
2026-02-02T11:07:30Z,SAT-1000,28.677,20.05,1486.2,0.9681,NOMINAL,0,HW-A2
2026-02-02T11:07:40Z,SAT-1001,,17.36,1461.6,0.2748,NOMINAL,0,HW-A2
2026-02-02T11:07:50Z,SAT-1002,28.688,18.34,1496.2,0.284,NOMINAL,0,HW-A2
2026-02-02T11:08:00Z,SAT-1003,28.586,19.17,1517.6,0.1397,NOMINAL,0,HW-A2
2026-02-02T11:08:10Z,SAT-1004,27.706,18.22,1418.4,0.7853,SAFE_HOLD,0,HW-A2
2026-02-02T11:08:20Z,SAT-1000,28.705,19.95,1487.9,0.0813,NOMINAL,0,HW-A2
2026-02-02T11:08:30Z,SAT-1001,27.197,19.83,1547.2,0.1269,NOMINAL,0,HW-A2
2026-02-02T11:08:40Z,SAT-1002,28.167,19.84,1439.0,0.1476,NOMINAL,0,HW-A2
2026-02-02T11:08:50Z,SAT-1003,,20.44,1441.9,0.1959,NOMINAL,0,HW-A2
2026-02-02T11:13:50Z,SAT-1004,27.435,22.12,1457.2,0.0265,NOMINAL,0,HW-A2
2026-02-02T11:14:00Z,SAT-1000,27.701,18.43,1435.7,0.7541,NOMINAL,1,HW-A2
2026-02-02T11:14:10Z,SAT-1001,,18.72,1481.3,0.5565,NOMINAL,0,HW-A2
2026-02-02T11:14:20Z,SAT-1002,27.146,17.51,1448.7,0.7249,NOMINAL,0,HW-A2
2026-02-02T11:14:30Z,SAT-1003,29.065,20.27,1452.6,0.4482,NOMINAL,0,HW-A2
2026-02-02T11:14:40Z,SAT-1004,27.771,19.08,1532.5,0.5894,NOMINAL,0,HW-A2
2026-02-02T11:14:50Z,SAT-1000,28.768,16.61,1469.7,0.6088,NOMINAL,0,HW-A2
2026-02-02T11:15:00Z,SAT-1001,28.239,N/A,1500.9,0.5464,NOMINAL,0,HW-A2
2026-02-02T11:15:10Z,SAT-1002,28.005,20.75,1569.2,0.5309,SAFE_HOLD,0,HW-A2
2026-02-02T11:15:20Z,SAT-1003,28.468,17.42,1565.1,0.8824,NOMINAL,0,HW-A2
2026-02-02T11:15:30Z,SAT-1004,19.733,21.25,1481.1,0.7193,NOMINAL,0,HW-A2
2026-02-02T11:15:40Z,SAT-1000,,19.38,1419.6,0.9925,NOMINAL,0,HW-A2
2026-02-02T11:15:50Z,SAT-1001,27.294,20.01,1474.3,0.1636,NOMINAL,0,HW-A2
2026-02-02T11:16:00Z,SAT-1002,,19.35,1448.5,0.8335,NOMINAL,0,HW-A2
2026-02-02T11:16:10Z,SAT-1003,27.898,17.35,1522.6,0.4217,NOMINAL,0,HW-A2
2026-02-02T11:16:20Z,SAT-1004,28.569,18.8,1497.0,0.9556,SAFE_HOLD,0,HW-A2
2026-02-02T11:16:30Z,SAT-1000,28.19,17.31,1503.1,0.3444,NOMINAL,0,HW-A2
2026-02-02T11:16:40Z,SAT-1001,27.954,20.36,1444.4,0.2497,NOMINAL,0,HW-A2
2026-02-02T11:16:50Z,SAT-1002,28.438,16.99,1475.3,0.5431,NOMINAL,0,HW-A2
2026-02-02T11:17:00Z,SAT-1003,27.22,19.08,1472.8,0.6628,NOMINAL,0,HW-A2
2026-02-02T11:17:10Z,SAT-1004,27.363,19.23,1495.2,0.0731,NOMINAL,0,HW-A2
2026-02-02T11:17:20Z,SAT-1000,28.033,19.52,1597.9,0.9409,NOMINAL,0,HW-A2
2026-02-02T11:17:30Z,SAT-1001,27.926,18.58,1478.9,0.1011,NOMINAL,0,HW-A2
2026-02-02T11:17:40Z,SAT-1002,27.82,19.24,1478.0,0.3759,NOMINAL,0,HW-A2
2026-02-02T11:17:50Z,SAT-1003,19.81,19.9,1514.5,0.4884,NOMINAL,0,HW-A2
2026-02-02T11:18:00Z,SAT-1004,,19.78,1487.0,0.8842,NOMINAL,0,HW-A2
2026-02-02T11:18:10Z,SAT-1000,28.001,17.19,1499.7,0.793,NOMINAL,0,HW-A2
2026-02-02T11:18:20Z,SAT-1001,27.837,19.0,1503.4,0.5408,NOMINAL,0,HW-A2
2026-02-02T11:18:30Z,SAT-1002,28.691,19.95,1440.8,0.3659,NOMINAL,0,HW-A2
2026-02-02T11:18:40Z,SAT-1003,27.259,20.98,1491.1,0.7694,NOMINAL,0,HW-A2
2026-02-02T11:18:50Z,SAT-1004,27.983,18.81,1590.5,0.1521,NOMINAL,0,HW-A2
2026-02-02T11:19:00Z,SAT-1000,,18.53,1443.5,0.8481,NOMINAL,0,HW-A2
2026-02-02T11:19:10Z,SAT-1001,28.468,19.23,1586.9,0.174,NOMINAL,0,HW-A2
2026-02-02T11:19:20Z,SAT-1002,27.605,18.31,1486.1,0.1362,NOMINAL,0,HW-A2
2026-02-02T11:19:30Z,SAT-1003,,19.61,1429.6,0.9347,NOMINAL,0,HW-A2
2026-02-02T11:19:40Z,SAT-1004,28.302,19.82,1477.7,0.7632,NOMINAL,0,HW-A2
2026-02-02T11:19:50Z,SAT-1000,,19.1,1534.3,0.3295,NOMINAL,0,HW-A2
2026-02-02T11:19:50Z,SAT-1000,,19.1,1534.3,0.3295,NOMINAL,0,HW-A2
2026-02-02T11:20:00Z,SAT-1001,28.315,19.2,1533.9,0.0032,NOMINAL,0,HW-A2
2026-02-02T11:20:10Z,SAT-1002,27.872,18.74,1490.4,0.8887,NOMINAL,0,HW-A2
2026-02-02T11:20:20Z,SAT-1003,27.194,18.21,1484.2,0.1562,NOMINAL,0,HW-A2
2026-02-02T11:20:30Z,SAT-1004,,20.21,1446.5,0.6912,NOMINAL,0,HW-A2
2026-02-02T11:20:40Z,SAT-1000,29.141,18.56,1503.1,0.6803,NOMINAL,1,HW-A2
2026-02-02T11:20:50Z,SAT-1001,28.007,19.53,1423.8,0.1509,NOMINAL,0,HW-A2
2026-02-02T11:21:00Z,SAT-1002,27.151,18.58,1395.0,0.4907,NOMINAL,0,HW-A2
2026-02-02T11:21:10Z,SAT-1003,28.108,18.05,1510.9,0.7957,NOMINAL,0,HW-A2
2026-02-02T11:21:20Z,SAT-1004,28.184,19.08,1498.5,0.6382,NOMINAL,0,HW-A2
2026-02-02T11:21:30Z,SAT-1000,28.271,18.89,1485.4,0.1694,NOMINAL,0,HW-A2
2026-02-02T11:21:40Z,SAT-1001,28.081,18.17,1515.4,0.9235,NOMINAL,0,HW-A2
2026-02-02T11:21:50Z,SAT-1002,,20.23,1508.1,0.5326,NOMINAL,0,HW-A2
2026-02-02T11:22:00Z,SAT-1003,27.446,18.22,1488.1,0.5491,NOMINAL,0,HW-A2
2026-02-02T11:22:10Z,SAT-1004,28.972,16.99,1414.8,0.1188,NOMINAL,0,HW-A2
2026-02-02T11:22:20Z,SAT-1000,28.301,19.32,1486.2,0.375,NOMINAL,0,HW-A2
2026-02-02T11:22:30Z,SAT-1001,,20.32,1527.1,0.016,NOMINAL,0,HW-A2
2026-02-02T11:22:40Z,SAT-1002,28.693,18.79,1525.5,0.392,NOMINAL,0,HW-A2
2026-02-02T11:22:50Z,SAT-1003,28.579,21.17,1440.9,0.816,NOMINAL,0,HW-A2
2026-02-02T11:23:00Z,SAT-1004,27.646,19.25,1556.4,0.5562,STANDBY,0,HW-A2
2026-02-02T11:23:10Z,SAT-1000,28.025,17.97,1455.8,0.3447,NOMINAL,0,HW-A2
2026-02-02T11:23:20Z,SAT-1001,28.217,18.63,1472.0,0.0626,NOMINAL,0,HW-A2
2026-02-02T11:23:30Z,SAT-1002,28.176,19.0,1475.4,0.8639,NOMINAL,0,HW-A2
2026-02-02T11:23:40Z,SAT-1003,28.487,18.49,1513.8,0.6589,NOMINAL,0,HW-A2
2026-02-02T11:23:50Z,SAT-1004,29.467,17.87,1593.3,0.4307,NOMINAL,0,HW-A2
2026-02-02T11:24:00Z,SAT-1000,26.592,18.33,1481.6,0.1953,NOMINAL,0,HW-A2
2026-02-02T11:24:10Z,SAT-1001,28.061,17.8,1515.0,0.2315,SAFE_HOLD,0,HW-A2
2026-02-02T11:24:20Z,SAT-1002,27.723,18.36,1494.5,0.3448,NOMINAL,0,HW-A2
2026-02-02T11:24:20Z,SAT-1002,27.723,18.36,1494.5,0.3448,NOMINAL,0,HW-A2
2026-02-02T11:24:30Z,SAT-1003,27.989,19.83,1568.3,0.4345,NOMINAL,0,HW-A2
2026-02-02T11:24:40Z,SAT-1004,28.125,20.34,1556.5,0.5607,NOMINAL,0,HW-A2
2026-02-02T11:24:50Z,SAT-1000,28.031,20.25,1458.8,0.2983,NOMINAL,0,HW-A2
2026-02-02T11:25:00Z,SAT-1001,28.648,19.26,1513.4,0.8586,NOMINAL,0,HW-A2
2026-02-02T11:25:10Z,SAT-1002,19.7,19.04,1504.5,0.1928,SAFE_HOLD,0,HW-A2
2026-02-02T11:25:20Z,SAT-1003,27.988,18.72,1530.1,0.0696,NOMINAL,0,HW-A2
2026-02-02T11:25:30Z,SAT-1004,27.253,19.38,1473.9,0.1937,NOMINAL,0,HW-A2
2026-02-02T11:25:40Z,SAT-1000,27.646,ERR,1495.2,0.8235,NOMINAL,0,HW-A2
2026-02-02T11:25:50Z,SAT-1001,28.134,19.39,1487.3,0.8735,NOMINAL,0,HW-A2
2026-02-02T11:26:00Z,SAT-1002,27.767,19.74,1511.6,0.5314,NOMINAL,0,HW-A2
2026-02-02T11:26:10Z,SAT-1003,28.818,20.1,1534.3,0.5399,NOMINAL,0,HW-A2
2026-02-02T11:26:20Z,SAT-1004,28.493,18.69,1503.5,0.6269,NOMINAL,0,HW-A2
2026-02-02T11:26:30Z,SAT-1000,28.511,19.48,1479.0,0.7653,NOMINAL,0,HW-A2
2026-02-02T11:26:40Z,SAT-1001,28.712,17.2,1486.9,0.2627,SAFE_HOLD,0,HW-A2
2026-02-02T11:26:50Z,SAT-1002,28.011,20.26,1459.1,0.5979,STANDBY,0,HW-A2
2026-02-02T11:27:00Z,SAT-1003,27.216,17.81,1595.7,0.9367,NOMINAL,0,HW-A2
2026-02-02T11:27:00Z,SAT-1003,27.216,17.81,1595.7,0.9367,NOMINAL,0,HW-A2
2026-02-02T11:27:10Z,SAT-1004,,18.9,1411.3,0.1646,STANDBY,0,HW-A2
2026-02-02T11:27:10Z,SAT-1004,,18.9,1411.3,0.1646,STANDBY,0,HW-A2
2026-02-02T11:27:20Z,SAT-1000,26.857,N/A,1441.6,0.2556,NOMINAL,1,HW-A2
2026-02-02T11:27:30Z,SAT-1001,21.143,17.73,1584.4,0.5977,NOMINAL,0,HW-A2
2026-02-02T11:27:40Z,SAT-1002,28.796,18.78,1493.6,0.5296,NOMINAL,0,HW-A2
2026-02-02T11:27:50Z,SAT-1003,27.675,18.85,1545.0,0.9754,NOMINAL,0,HW-A2
2026-02-02T11:28:00Z,SAT-1004,27.9,18.09,1495.8,0.6724,NOMINAL,0,HW-A2
2026-02-02T11:28:10Z,SAT-1000,27.622,20.23,1496.8,0.4922,NOMINAL,0,HW-A2
2026-02-02T11:28:20Z,SAT-1001,27.695,18.1,1465.7,0.9823,STANDBY,0,HW-A2
2026-02-02T11:28:30Z,SAT-1002,,17.55,1478.6,0.8393,NOMINAL,0,HW-A2
2026-02-02T11:28:40Z,SAT-1003,28.442,18.34,1495.9,0.6554,NOMINAL,0,HW-A2
2026-02-02T11:28:50Z,SAT-1004,28.757,19.51,1569.0,0.1564,NOMINAL,0,HW-A2
2026-02-02T11:29:00Z,SAT-1000,28.236,17.82,1475.0,0.1954,NOMINAL,0,HW-A2
2026-02-02T11:29:10Z,SAT-1001,27.083,17.51,1444.5,0.559,NOMINAL,0,HW-A2
2026-02-02T11:29:20Z,SAT-1002,28.101,18.15,1488.2,0.3338,NOMINAL,0,HW-A2
2026-02-02T11:29:30Z,SAT-1003,28.378,19.89,1562.7,0.3716,NOMINAL,0,HW-A2
2026-02-02T11:29:40Z,SAT-1004,28.015,19.8,1469.6,0.7132,NOMINAL,0,HW-A2
2026-02-02T11:29:40Z,SAT-1004,28.015,19.8,1469.6,0.7132,NOMINAL,0,HW-A2
2026-02-02T11:29:50Z,SAT-1000,27.934,20.48,1493.9,0.6047,NOMINAL,0,HW-A2
2026-02-02T11:30:00Z,SAT-1001,27.684,17.54,1472.4,0.2415,NOMINAL,0,HW-A2
2026-02-02T11:30:10Z,SAT-1002,28.081,17.42,1472.3,0.9838,NOMINAL,0,HW-A2
2026-02-02T11:30:20Z,SAT-1003,27.393,19.37,1459.2,0.1297,NOMINAL,0,HW-A2
2026-02-02T11:30:30Z,SAT-1004,,18.84,1480.7,0.804,STANDBY,0,HW-A2
2026-02-02T11:30:40Z,SAT-1000,28.25,18.87,1558.3,0.4826,NOMINAL,0,HW-A2
2026-02-02T11:30:50Z,SAT-1001,27.131,19.3,1444.7,0.6807,NOMINAL,0,HW-A2
2026-02-02T11:31:00Z,SAT-1002,27.856,18.43,1522.7,0.2457,NOMINAL,0,HW-A2
2026-02-02T11:31:10Z,SAT-1003,27.162,20.06,1483.1,0.1983,NOMINAL,0,HW-A2
2026-02-02T11:31:20Z,SAT-1004,28.389,19.95,1513.9,0.4592,SAFE_HOLD,0,HW-A2
2026-02-02T11:31:30Z,SAT-1000,28.047,20.2,1537.0,0.2006,NOMINAL,0,HW-A2
2026-02-02T11:31:40Z,SAT-1001,27.738,18.7,1554.1,0.1835,NOMINAL,0,HW-A2
2026-02-02T11:31:50Z,SAT-1002,27.435,18.27,1489.5,0.9309,STANDBY,0,HW-A2
2026-02-02T11:32:00Z,SAT-1003,27.03,20.19,1509.4,0.0899,NOMINAL,0,HW-A2
2026-02-02T11:32:10Z,SAT-1004,27.315,18.91,1488.1,0.5308,NOMINAL,0,HW-A2
2026-02-02T11:32:20Z,SAT-1000,27.726,18.65,1481.5,0.1238,NOMINAL,0,HW-A2
2026-02-02T11:32:30Z,SAT-1001,28.275,18.05,1457.4,0.284,NOMINAL,0,HW-A2
2026-02-02T11:32:40Z,SAT-1002,27.977,18.95,1448.7,0.8312,NOMINAL,0,HW-A2
2026-02-02T11:32:50Z,SAT-1003,27.719,19.01,1493.8,0.8535,NOMINAL,0,HW-A2
2026-02-02T11:33:00Z,SAT-1004,28.039,19.51,1554.1,0.622,NOMINAL,0,HW-A2
2026-02-02T11:33:10Z,SAT-1000,28.111,18.6,1536.8,0.9068,NOMINAL,0,HW-A2
2026-02-02T11:33:20Z,SAT-1001,28.42,18.32,1462.6,0.8394,NOMINAL,0,HW-A2
2026-02-02T11:33:30Z,SAT-1002,27.61,20.27,1494.0,0.0746,NOMINAL,0,HW-A2
2026-02-02T11:33:40Z,SAT-1003,28.078,18.98,1455.6,0.6506,NOMINAL,0,HW-A2
2026-02-02T11:33:50Z,SAT-1004,,19.58,1557.1,0.5005,NOMINAL,0,HW-A2
2026-02-02T11:34:00Z,SAT-1000,29.189,N/A,1531.8,0.8083,NOMINAL,1,HW-A2
2026-02-02T11:34:10Z,SAT-1001,27.988,19.02,1546.6,0.4244,NOMINAL,0,HW-A2
2026-02-02T11:34:20Z,SAT-1002,28.015,20.16,1518.6,0.9332,NOMINAL,0,HW-A2
2026-02-02T11:34:30Z,SAT-1003,27.409,18.91,1457.2,0.5045,NOMINAL,0,HW-A2
2026-02-02T11:34:40Z,SAT-1004,28.122,18.49,1509.7,0.1891,NOMINAL,0,HW-A2
2026-02-02T11:34:50Z,SAT-1000,29.546,21.24,1530.8,0.2361,NOMINAL,0,HW-A2
2026-02-02T11:35:00Z,SAT-1001,26.611,18.51,1492.0,0.1568,NOMINAL,0,HW-A2
2026-02-02T11:35:10Z,SAT-1002,28.503,19.81,1519.5,0.1548,NOMINAL,0,HW-A2
2026-02-02T11:35:20Z,SAT-1003,27.832,20.39,1494.7,0.7217,NOMINAL,0,HW-A2
2026-02-02T11:35:30Z,SAT-1004,27.674,19.07,1507.0,0.8483,NOMINAL,0,HW-A2
2026-02-02T11:35:40Z,SAT-1000,27.59,18.9,1552.1,0.5946,SAFE_HOLD,0,HW-A2
2026-02-02T11:35:40Z,SAT-1000,27.59,18.9,1552.1,0.5946,SAFE_HOLD,0,HW-A2
2026-02-02T11:35:50Z,SAT-1001,27.671,18.52,1480.1,0.8596,NOMINAL,0,HW-A2
2026-02-02T11:36:00Z,SAT-1002,28.489,19.0,1541.5,0.5116,NOMINAL,0,HW-A2
2026-02-02T11:36:00Z,SAT-1002,28.489,19.0,1541.5,0.5116,NOMINAL,0,HW-A2
2026-02-02T11:36:10Z,SAT-1003,29.257,18.89,1471.6,0.785,NOMINAL,0,HW-A2
2026-02-02T11:36:20Z,SAT-1004,27.396,17.95,1503.0,0.2246,NOMINAL,0,HW-A2
2026-02-02T11:36:30Z,SAT-1000,28.136,18.33,1508.4,0.5356,NOMINAL,0,HW-A2
2026-02-02T11:41:30Z,SAT-1001,27.502,19.8,1542.9,0.7247,NOMINAL,0,HW-A2
2026-02-02T11:41:40Z,SAT-1002,28.292,16.97,1490.4,0.0416,NOMINAL,0,HW-A2
2026-02-02T11:41:50Z,SAT-1003,28.307,18.89,1517.0,0.502,NOMINAL,0,HW-A2
2026-02-02T11:42:00Z,SAT-1004,28.4,19.98,1467.6,0.8801,NOMINAL,0,HW-A2
2026-02-02T11:42:10Z,SAT-1000,,18.83,1566.4,0.0499,STANDBY,0,HW-A2
2026-02-02T11:42:20Z,SAT-1001,27.936,19.22,1509.4,0.5893,NOMINAL,0,HW-A2
2026-02-02T11:42:30Z,SAT-1002,27.126,18.83,1465.4,0.2019,NOMINAL,0,HW-A2
2026-02-02T11:42:40Z,SAT-1003,27.869,18.72,1454.0,0.3475,NOMINAL,0,HW-A2
2026-02-02T11:42:50Z,SAT-1004,27.092,19.35,1561.4,0.9873,NOMINAL,0,HW-A2
2026-02-02T11:43:00Z,SAT-1000,28.413,19.83,1505.8,0.4629,NOMINAL,0,HW-A2
2026-02-02T11:43:10Z,SAT-1001,,19.78,1507.9,0.5534,NOMINAL,0,HW-A2
2026-02-02T11:43:20Z,SAT-1002,27.655,18.98,1566.6,0.0772,NOMINAL,0,HW-A2
2026-02-02T11:43:30Z,SAT-1003,29.851,18.0,1492.2,0.4825,SAFE_HOLD,0,HW-A2
2026-02-02T11:43:40Z,SAT-1004,29.011,21.26,1422.0,0.7233,NOMINAL,0,HW-A2
2026-02-02T11:43:50Z,SAT-1000,28.212,18.99,1515.8,0.8974,NOMINAL,0,HW-A2
2026-02-02T11:44:00Z,SAT-1001,28.279,19.06,1542.2,0.3717,NOMINAL,0,HW-A2
2026-02-02T11:44:10Z,SAT-1002,27.733,19.34,1572.2,0.639,SAFE_HOLD,0,HW-A2
2026-02-02T11:44:20Z,SAT-1003,28.721,17.94,1494.9,0.0379,NOMINAL,0,HW-A2
2026-02-02T11:44:30Z,SAT-1004,27.835,N/A,1520.6,0.3509,NOMINAL,0,HW-A2
2026-02-02T11:44:40Z,SAT-1000,26.949,21.23,1492.7,0.1637,NOMINAL,0,HW-A2
2026-02-02T11:44:50Z,SAT-1001,27.825,19.34,1445.8,0.8767,NOMINAL,0,HW-A2
2026-02-02T11:45:00Z,SAT-1002,28.575,18.49,1515.6,0.3068,NOMINAL,0,HW-A2
2026-02-02T11:45:10Z,SAT-1003,27.767,21.5,1538.0,0.5734,NOMINAL,0,HW-A2
2026-02-02T11:45:20Z,SAT-1004,27.897,21.82,1534.5,0.0398,NOMINAL,0,HW-A2
2026-02-02T11:45:30Z,SAT-1000,28.211,19.45,1593.8,0.3027,NOMINAL,1,HW-A2
2026-02-02T11:45:40Z,SAT-1001,28.116,17.33,1526.1,0.6497,NOMINAL,0,HW-A2
2026-02-02T11:45:50Z,SAT-1002,28.82,18.6,1554.1,0.2056,NOMINAL,0,HW-A2
2026-02-02T11:46:00Z,SAT-1003,26.861,18.64,1559.4,0.0816,NOMINAL,0,HW-A2
2026-02-02T11:46:10Z,SAT-1004,27.939,19.33,1609.2,0.1937,NOMINAL,0,HW-A2
2026-02-02T11:46:20Z,SAT-1000,27.93,18.11,1496.5,0.3965,NOMINAL,0,HW-A2
2026-02-02T11:46:30Z,SAT-1001,27.779,18.13,1494.7,0.8699,NOMINAL,0,HW-A2
2026-02-02T11:46:40Z,SAT-1002,27.767,19.66,1442.4,0.9922,NOMINAL,0,HW-A2
2026-02-02T11:46:50Z,SAT-1003,27.822,17.3,1524.3,0.6387,NOMINAL,0,HW-A2
2026-02-02T11:47:00Z,SAT-1004,28.12,20.29,1479.3,0.2951,NOMINAL,0,HW-A2
2026-02-02T11:47:10Z,SAT-1000,27.395,21.06,1437.8,0.8381,NOMINAL,0,HW-A2
2026-02-02T11:47:20Z,SAT-1001,28.716,18.36,1503.9,0.5454,NOMINAL,0,HW-A2
2026-02-02T11:47:30Z,SAT-1002,,17.37,1489.2,0.7862,NOMINAL,0,HW-A2
2026-02-02T11:47:40Z,SAT-1003,27.262,18.18,1503.8,0.2829,SAFE_HOLD,0,HW-A2
2026-02-02T11:47:50Z,SAT-1004,26.738,19.84,1479.3,0.8496,NOMINAL,0,HW-A2
2026-02-02T11:48:00Z,SAT-1000,27.718,17.14,1487.6,0.0708,NOMINAL,0,HW-A2
2026-02-02T11:48:10Z,SAT-1001,28.289,18.96,1495.7,0.217,SAFE_HOLD,0,HW-A2
2026-02-02T11:48:20Z,SAT-1002,28.471,19.9,1479.9,0.1233,NOMINAL,0,HW-A2
2026-02-02T11:48:30Z,SAT-1003,28.378,18.88,1506.0,0.6606,NOMINAL,0,HW-A2
2026-02-02T11:48:40Z,SAT-1004,,19.17,1431.5,0.1635,NOMINAL,0,HW-A2
2026-02-02T11:48:50Z,SAT-1000,29.391,19.42,1501.0,0.3022,NOMINAL,0,HW-A2
2026-02-02T11:49:00Z,SAT-1001,36.718,17.49,1517.2,0.0769,NOMINAL,0,HW-A2
2026-02-02T11:49:10Z,SAT-1002,27.644,19.01,1518.3,0.5942,NOMINAL,0,HW-A2
2026-02-02T11:49:20Z,SAT-1003,,19.71,1468.4,0.7095,NOMINAL,0,HW-A2
2026-02-02T11:49:30Z,SAT-1004,27.457,19.02,1521.9,0.7137,NOMINAL,0,HW-A2
2026-02-02T11:49:40Z,SAT-1000,19.774,19.27,1514.1,0.5567,STANDBY,0,HW-A2
2026-02-02T11:49:50Z,SAT-1001,,18.68,1480.1,0.8434,NOMINAL,0,HW-A2
2026-02-02T11:50:00Z,SAT-1002,26.624,18.63,1507.8,0.0692,NOMINAL,0,HW-A2
2026-02-02T11:50:10Z,SAT-1003,27.814,19.65,1488.4,0.2677,NOMINAL,0,HW-A2
2026-02-02T11:50:20Z,SAT-1004,28.027,17.81,1483.3,0.6609,NOMINAL,0,HW-A2
2026-02-02T11:50:30Z,SAT-1000,27.548,17.51,1498.1,0.8401,NOMINAL,0,HW-A2
2026-02-02T11:50:30Z,SAT-1000,27.548,17.51,1498.1,0.8401,NOMINAL,0,HW-A2
2026-02-02T11:50:40Z,SAT-1001,26.99,18.22,1478.1,0.326,STANDBY,0,HW-A2
2026-02-02T11:50:50Z,SAT-1002,29.393,18.43,1470.1,0.6732,NOMINAL,0,HW-A2
2026-02-02T11:51:00Z,SAT-1003,27.908,19.2,1573.8,0.1483,NOMINAL,0,HW-A2
2026-02-02T11:51:10Z,SAT-1004,27.667,16.99,1482.8,0.4429,NOMINAL,0,HW-A2
2026-02-02T11:51:20Z,SAT-1000,27.645,18.9,1477.8,0.9268,SAFE_HOLD,0,HW-A2
2026-02-02T11:51:30Z,SAT-1001,28.213,19.8,1478.2,0.6879,NOMINAL,0,HW-A2
2026-02-02T11:51:40Z,SAT-1002,27.428,19.08,1463.5,0.6824,NOMINAL,0,HW-A2
2026-02-02T11:51:50Z,SAT-1003,29.42,19.55,1470.9,0.8644,SAFE_HOLD,0,HW-A2
2026-02-02T11:52:00Z,SAT-1004,28.254,19.29,1577.3,0.7713,STANDBY,0,HW-A2
2026-02-02T11:52:10Z,SAT-1000,28.637,17.92,1482.9,0.7008,NOMINAL,1,HW-A2
2026-02-02T11:52:20Z,SAT-1001,27.53,18.33,1452.9,0.3322,STANDBY,0,HW-A2
2026-02-02T11:52:30Z,SAT-1002,29.576,18.7,1500.4,0.7583,NOMINAL,0,HW-A2
2026-02-02T11:52:40Z,SAT-1003,27.611,19.39,1453.1,0.1793,STANDBY,0,HW-A2
2026-02-02T11:52:50Z,SAT-1004,26.79,20.63,1548.6,0.2756,NOMINAL,0,HW-A2
2026-02-02T11:53:00Z,SAT-1000,28.173,17.74,1531.1,0.7212,NOMINAL,0,HW-A2
2026-02-02T11:53:10Z,SAT-1001,27.631,18.29,1419.1,0.6834,NOMINAL,0,HW-A2
2026-02-02T11:53:20Z,SAT-1002,27.376,18.27,1448.0,0.8281,NOMINAL,0,HW-A2
2026-02-02T11:53:30Z,SAT-1003,29.196,17.95,1488.3,0.5942,NOMINAL,0,HW-A2
2026-02-02T11:53:40Z,SAT-1004,27.925,19.4,1616.4,0.0714,NOMINAL,0,HW-A2
2026-02-02T11:53:50Z,SAT-1000,28.236,19.04,1458.3,0.4466,NOMINAL,0,HW-A2
2026-02-02T11:53:50Z,SAT-1000,28.236,19.04,1458.3,0.4466,NOMINAL,0,HW-A2
2026-02-02T11:54:00Z,SAT-1001,27.779,19.56,1516.3,0.0357,NOMINAL,0,HW-A2
2026-02-02T11:54:10Z,SAT-1002,28.709,19.32,1476.2,0.5382,NOMINAL,0,HW-A2
2026-02-02T11:54:20Z,SAT-1003,27.883,18.58,1547.5,0.1516,NOMINAL,0,HW-A2
2026-02-02T11:54:30Z,SAT-1004,28.477,20.16,1547.1,0.4674,NOMINAL,0,HW-A2
2026-02-02T11:54:40Z,SAT-1000,29.226,18.29,1459.6,0.8217,NOMINAL,0,HW-A2
2026-02-02T11:54:50Z,SAT-1001,27.788,20.49,1501.5,0.1016,NOMINAL,0,HW-A2
2026-02-02T11:55:00Z,SAT-1002,27.804,20.32,1524.0,0.9789,NOMINAL,0,HW-A2
2026-02-02T11:55:10Z,SAT-1003,27.817,19.57,1488.9,0.3472,NOMINAL,0,HW-A2
2026-02-02T11:55:20Z,SAT-1004,28.041,18.0,1433.0,0.3526,NOMINAL,0,HW-A2
2026-02-02T11:55:30Z,SAT-1000,28.873,18.81,1492.7,0.1245,NOMINAL,0,HW-A2
2026-02-02T11:55:40Z,SAT-1001,27.283,18.78,1520.8,0.3793,NOMINAL,0,HW-A2
2026-02-02T11:55:50Z,SAT-1002,28.417,19.37,1436.2,0.5087,STANDBY,0,HW-A2
2026-02-02T11:56:00Z,SAT-1003,28.491,18.77,1440.2,0.4705,NOMINAL,0,HW-A2
2026-02-02T11:56:00Z,SAT-1003,28.491,18.77,1440.2,0.4705,NOMINAL,0,HW-A2
2026-02-02T11:56:10Z,SAT-1004,27.792,18.22,1516.6,0.5208,NOMINAL,0,HW-A2
2026-02-02T11:56:20Z,SAT-1000,28.804,18.33,1498.4,0.1563,NOMINAL,0,HW-A2
2026-02-02T11:56:30Z,SAT-1001,27.836,18.37,1500.4,0.3663,NOMINAL,0,HW-A2
2026-02-02T11:56:40Z,SAT-1002,,18.43,1481.8,0.8331,NOMINAL,0,HW-A2
2026-02-02T11:56:50Z,SAT-1003,28.02,19.82,1486.0,0.5777,NOMINAL,0,HW-A2
2026-02-02T11:57:00Z,SAT-1004,28.358,18.16,1481.7,0.6919,NOMINAL,0,HW-A2
2026-02-02T11:57:10Z,SAT-1000,26.63,18.22,1560.2,0.3774,NOMINAL,0,HW-A2
2026-02-02T11:57:20Z,SAT-1001,26.809,18.14,1422.8,0.0495,NOMINAL,0,HW-A2
2026-02-02T11:57:30Z,SAT-1002,28.256,18.76,1459.4,0.1336,NOMINAL,0,HW-A2
2026-02-02T11:57:40Z,SAT-1003,27.817,18.27,1504.7,0.2115,NOMINAL,0,HW-A2
2026-02-02T11:57:50Z,SAT-1004,29.688,18.53,1546.9,0.6297,NOMINAL,0,HW-A2
2026-02-02T11:58:00Z,SAT-1000,26.917,20.86,1559.9,0.0002,NOMINAL,0,HW-A2
2026-02-02T11:58:10Z,SAT-1001,28.062,19.89,1505.9,0.8472,NOMINAL,0,HW-A2
2026-02-02T11:58:20Z,SAT-1002,28.237,19.88,1526.9,0.8409,NOMINAL,0,HW-A2
2026-02-02T11:58:30Z,SAT-1003,28.094,17.62,1539.9,0.2294,NOMINAL,0,HW-A2
2026-02-02T11:58:40Z,SAT-1004,28.949,16.41,1535.7,0.6676,NOMINAL,0,HW-A2
