timestamp,component_id,sensor_a,sensor_b,temperature_c,post_event_diagnosis,anomaly_label_copy,anomaly_label
2026-03-01T00:00:00Z,CMP-00000,53.2,26.96,32.2,0,0,0
2026-03-01T00:00:30Z,CMP-00001,58.26,29.25,32.1,0,0,0
2026-03-01T00:01:00Z,CMP-00002,65.39,31.96,28.8,0,0,0
2026-03-01T00:01:30Z,CMP-00003,42.02,21.42,29.0,0,0,0
2026-03-01T00:02:00Z,CMP-00004,51.05,24.97,29.3,0,0,0
2026-03-01T00:02:30Z,CMP-00005,41.85,21.05,27.8,0,0,0
2026-03-01T00:03:00Z,CMP-00006,50.96,25.7,32.1,0,0,0
2026-03-01T00:03:30Z,CMP-00007,44.77,22.22,26.9,0,0,0
2026-03-01T00:04:00Z,CMP-00008,44.24,22.15,27.1,0,0,0
2026-03-01T00:04:30Z,CMP-00009,45.49,22.44,32.6,0,0,0
2026-03-01T00:05:00Z,CMP-00010,46.4,23.57,33.0,0,0,0
2026-03-01T00:05:30Z,CMP-00011,55.64,27.56,27.2,0,0,0
2026-03-01T00:06:00Z,CMP-00012,55.3,27.07,30.3,0,0,0
2026-03-01T00:06:30Z,CMP-00013,55.98,28.16,27.4,0,0,0
2026-03-01T00:07:00Z,CMP-00014,49.08,24.72,27.6,0,0,0
2026-03-01T00:07:30Z,CMP-00015,57.1,29.32,27.5,0,0,0
2026-03-01T00:08:00Z,CMP-00016,55.52,27.29,30.5,0,0,0
2026-03-01T00:08:30Z,CMP-00017,47.82,23.63,27.6,0,0,0
2026-03-01T00:09:00Z,CMP-00018,56.36,27.3,30.1,0,0,0
2026-03-01T00:09:30Z,CMP-00019,43.3,21.03,31.4,0,0,0
2026-03-01T00:10:00Z,CMP-00020,54.54,27.38,28.7,0,0,0
2026-03-01T00:10:30Z,CMP-00021,51.36,24.95,31.2,0,0,0
2026-03-01T00:11:00Z,CMP-00022,46.94,23.34,30.7,0,0,0
2026-03-01T00:11:30Z,CMP-00023,47.74,23.71,29.7,0,0,0
2026-03-01T00:12:00Z,CMP-00024,48.12,24.69,29.6,0,0,0
2026-03-01T00:12:30Z,CMP-00025,57.2,28.9,30.5,0,0,0
2026-03-01T00:13:00Z,CMP-00026,42.54,20.63,29.7,0,0,0
2026-03-01T00:13:30Z,CMP-00027,52.93,26.76,28.0,0,0,0
2026-03-01T00:14:00Z,CMP-00028,44.45,22.78,27.1,0,0,0
2026-03-01T00:14:30Z,CMP-00029,38.21,19.38,31.4,0,0,0
2026-03-01T00:15:00Z,CMP-00030,49.32,24.41,29.0,0,0,0
2026-03-01T00:15:30Z,CMP-00031,52.33,26.2,30.3,0,0,0
2026-03-01T00:16:00Z,CMP-00032,49.15,24.8,30.0,0,0,0
2026-03-01T00:16:30Z,CMP-00033,51.72,26.21,30.9,0,0,0
2026-03-01T00:17:00Z,CMP-00034,51.28,25.94,29.7,0,0,0
2026-03-01T00:17:30Z,CMP-00035,43.56,21.95,31.4,0,0,0
2026-03-01T00:18:00Z,CMP-00036,59.83,29.06,27.8,0,0,0
2026-03-01T00:18:30Z,CMP-00037,49.87,25.16,27.5,0,0,0
2026-03-01T00:19:00Z,CMP-00038,45.52,22.62,30.2,0,0,0
2026-03-01T00:19:30Z,CMP-00039,45.19,22.33,30.0,0,0,0
2026-03-01T00:20:00Z,CMP-00040,53.08,26.46,26.8,0,0,0
2026-03-01T00:20:30Z,CMP-00041,48.37,24.06,28.6,0,0,0
2026-03-01T00:21:00Z,CMP-00042,48.82,24.01,26.2,0,0,0
2026-03-01T00:21:30Z,CMP-00043,50.66,26.04,31.6,0,0,0
2026-03-01T00:22:00Z,CMP-00044,45.51,22.95,27.8,0,0,0
2026-03-01T00:22:30Z,CMP-00045,43.15,21.87,30.2,0,0,0
2026-03-01T00:23:00Z,CMP-00046,48.8,24.69,30.7,0,0,0
2026-03-01T00:23:30Z,CMP-00047,60.22,30.52,30.6,1,1,1
2026-03-01T00:24:00Z,CMP-00048,44.56,22.02,29.4,0,0,0
2026-03-01T00:24:30Z,CMP-00049,51.45,25.12,28.5,0,0,0
2026-03-01T00:25:00Z,CMP-00050,54.46,27.85,32.2,0,0,0
2026-03-01T00:25:30Z,CMP-00051,50.54,25.39,30.5,0,0,0
2026-03-01T00:26:00Z,CMP-00052,51.62,25.35,32.3,0,0,0
2026-03-01T00:26:30Z,CMP-00053,41.81,20.75,32.8,0,0,0
2026-03-01T00:27:00Z,CMP-00054,57.43,28.29,32.8,0,0,0
2026-03-01T00:27:30Z,CMP-00055,58.49,28.46,29.7,0,0,0
2026-03-01T00:28:00Z,CMP-00056,46.85,22.93,34.2,0,0,0
2026-03-01T00:28:30Z,CMP-00057,52.33,25.77,29.6,0,0,0
2026-03-01T00:29:00Z,CMP-00058,55.4,28.71,27.7,0,0,0
2026-03-01T00:29:30Z,CMP-00059,45.74,23.37,27.9,0,0,0
2026-03-01T00:30:00Z,CMP-00060,57.03,28.56,28.4,0,0,0
2026-03-01T00:30:30Z,CMP-00061,49.32,23.93,29.7,0,0,0
2026-03-01T00:31:00Z,CMP-00062,47.82,23.65,30.8,0,0,0
2026-03-01T00:31:30Z,CMP-00063,46.5,22.73,34.8,0,0,0
2026-03-01T00:32:00Z,CMP-00064,45.08,22.72,28.2,0,0,0
2026-03-01T00:32:30Z,CMP-00065,38.61,19.45,32.4,0,0,0
2026-03-01T00:33:00Z,CMP-00066,54.1,26.52,29.8,0,0,0
2026-03-01T00:33:30Z,CMP-00067,51.25,25.94,28.6,0,0,0
2026-03-01T00:34:00Z,CMP-00068,49.81,24.22,31.5,0,0,0
2026-03-01T00:34:30Z,CMP-00069,43.99,22.68,29.4,0,0,0
2026-03-01T00:35:00Z,CMP-00070,51.88,26.35,28.8,0,0,0
2026-03-01T00:35:30Z,CMP-00071,49.51,25.39,32.0,0,0,0
2026-03-01T00:36:00Z,CMP-00072,47.58,24.09,34.1,0,0,0
2026-03-01T00:36:30Z,CMP-00073,55.76,27.35,29.1,0,0,0
2026-03-01T00:37:00Z,CMP-00074,40.04,19.72,24.9,0,0,0
2026-03-01T00:37:30Z,CMP-00075,48.02,23.42,28.9,0,0,0
2026-03-01T00:38:00Z,CMP-00076,49.65,24.82,28.3,0,0,0
2026-03-01T00:38:30Z,CMP-00077,44.01,22.59,31.6,0,0,0
2026-03-01T00:39:00Z,CMP-00078,42.87,21.16,32.1,0,0,0
2026-03-01T00:39:30Z,CMP-00079,51.81,25.45,29.4,0,0,0
2026-03-01T00:40:00Z,CMP-00080,42.18,22.79,28.1,0,0,0
2026-03-01T00:40:30Z,CMP-00081,56.01,27.82,29.0,0,0,0
2026-03-01T00:41:00Z,CMP-00082,59.18,29.46,31.1,0,0,0
2026-03-01T00:41:30Z,CMP-00083,50.1,24.4,31.4,0,0,0
2026-03-01T00:42:00Z,CMP-00084,56.52,28.49,29.9,0,0,0
2026-03-01T00:42:30Z,CMP-00085,44.16,22.38,28.7,0,0,0
2026-03-01T00:43:00Z,CMP-00086,50.08,24.66,31.1,0,0,0
2026-03-01T00:43:30Z,CMP-00087,51.7,25.64,30.0,0,0,0
2026-03-01T00:44:00Z,CMP-00088,53.56,25.95,32.3,0,0,0
2026-03-01T00:44:30Z,CMP-00089,57.09,28.01,32.3,0,0,0
2026-03-01T00:45:00Z,CMP-00090,53.73,27.09,30.4,0,0,0
2026-03-01T00:45:30Z,CMP-00091,46.24,23.23,28.0,0,0,0
2026-03-01T00:46:00Z,CMP-00092,48.84,23.97,29.7,0,0,0
2026-03-01T00:46:30Z,CMP-00093,48.41,24.45,27.0,0,0,0
2026-03-01T00:47:00Z,CMP-00094,50.95,24.94,27.9,0,0,0
2026-03-01T00:47:30Z,CMP-00095,49.45,25.03,31.2,0,0,0
2026-03-01T00:48:00Z,CMP-00096,60.08,29.04,29.8,1,1,1
2026-03-01T00:48:30Z,CMP-00097,48.36,23.89,28.6,0,0,0
2026-03-01T00:49:00Z,CMP-00098,49.52,23.87,30.6,0,0,0
2026-03-01T00:49:30Z,CMP-00099,45.89,22.74,31.0,0,0,0
2026-03-01T00:50:00Z,CMP-00100,55.94,28.58,30.7,0,0,0
2026-03-01T00:50:30Z,CMP-00101,61.47,30.56,26.1,1,1,1
2026-03-01T00:51:00Z,CMP-00102,48.23,23.31,30.3,0,0,0
2026-03-01T00:51:30Z,CMP-00103,53.75,27.04,28.3,0,0,0
2026-03-01T00:52:00Z,CMP-00104,52.42,26.8,31.5,0,0,0
2026-03-01T00:52:30Z,CMP-00105,51.2,26.07,31.5,0,0,0
2026-03-01T00:53:00Z,CMP-00106,56.87,28.59,28.5,0,0,0
2026-03-01T00:53:30Z,CMP-00107,50.08,24.75,33.2,0,0,0
2026-03-01T00:54:00Z,CMP-00108,52.28,26.71,31.7,0,0,0
2026-03-01T00:54:30Z,CMP-00109,49.95,24.76,30.7,0,0,0
2026-03-01T00:55:00Z,CMP-00110,47.68,24.37,31.5,0,0,0
2026-03-01T00:55:30Z,CMP-00111,45.2,21.76,33.1,0,0,0
2026-03-01T00:56:00Z,CMP-00112,50.97,25.03,26.2,0,0,0
2026-03-01T00:56:30Z,CMP-00113,51.65,26.0,29.4,0,0,0
2026-03-01T00:57:00Z,CMP-00114,42.86,21.56,30.1,0,0,0
2026-03-01T00:57:30Z,CMP-00115,41.62,20.46,30.4,0,0,0
2026-03-01T00:58:00Z,CMP-00116,43.88,21.58,26.0,0,0,0
2026-03-01T00:58:30Z,CMP-00117,42.36,21.48,33.5,0,0,0
2026-03-01T00:59:00Z,CMP-00118,49.7,25.7,28.1,0,0,0
2026-03-01T00:59:30Z,CMP-00119,42.29,21.85,28.8,0,0,0
2026-03-01T01:00:00Z,CMP-00120,50.86,25.03,30.6,0,0,0
2026-03-01T01:00:30Z,CMP-00121,36.43,17.94,31.8,0,0,0
2026-03-01T01:01:00Z,CMP-00122,40.93,20.33,30.8,0,0,0
2026-03-01T01:01:30Z,CMP-00123,53.43,26.05,31.5,0,0,0
2026-03-01T01:02:00Z,CMP-00124,56.2,28.05,29.9,0,0,0
2026-03-01T01:02:30Z,CMP-00125,51.08,25.85,29.4,0,0,0
2026-03-01T01:03:00Z,CMP-00126,55.41,27.1,30.6,0,0,0
2026-03-01T01:03:30Z,CMP-00127,61.0,30.3,30.3,0,0,0
2026-03-01T01:04:00Z,CMP-00128,53.2,27.37,28.8,0,0,0
2026-03-01T01:04:30Z,CMP-00129,47.77,23.49,33.9,0,0,0
2026-03-01T01:05:00Z,CMP-00130,46.07,22.84,29.2,0,0,0
2026-03-01T01:05:30Z,CMP-00131,40.53,21.39,29.7,0,0,0
2026-03-01T01:06:00Z,CMP-00132,58.77,29.05,34.0,0,0,0
2026-03-01T01:06:30Z,CMP-00133,53.45,27.4,29.2,0,0,0
2026-03-01T01:07:00Z,CMP-00134,50.28,24.87,30.9,0,0,0
2026-03-01T01:07:30Z,CMP-00135,49.47,23.6,29.2,0,0,0
2026-03-01T01:08:00Z,CMP-00136,44.25,21.77,32.3,0,0,0
2026-03-01T01:08:30Z,CMP-00137,51.24,24.88,28.7,0,0,0
2026-03-01T01:09:00Z,CMP-00138,43.34,21.97,29.5,0,0,0
2026-03-01T01:09:30Z,CMP-00139,46.9,23.56,30.6,0,0,0
2026-03-01T01:10:00Z,CMP-00140,50.91,25.51,31.5,0,0,0
2026-03-01T01:10:30Z,CMP-00141,50.02,25.1,27.6,0,0,0
2026-03-01T01:11:00Z,CMP-00142,46.83,23.34,28.3,0,0,0
2026-03-01T01:11:30Z,CMP-00143,49.48,25.16,30.8,0,0,0
2026-03-01T01:12:00Z,CMP-00144,48.79,24.06,26.0,0,0,0
2026-03-01T01:12:30Z,CMP-00145,53.26,26.6,25.6,0,0,0
2026-03-01T01:13:00Z,CMP-00146,45.75,23.89,31.7,0,0,0
2026-03-01T01:13:30Z,CMP-00147,48.34,24.99,29.1,0,0,0
2026-03-01T01:14:00Z,CMP-00148,58.52,30.6,27.3,0,0,0
2026-03-01T01:14:30Z,CMP-00149,55.7,27.78,31.4,0,0,0
2026-03-01T01:15:00Z,CMP-00150,53.32,27.02,29.4,0,0,0
2026-03-01T01:15:30Z,CMP-00151,53.28,26.26,30.6,0,0,0
2026-03-01T01:16:00Z,CMP-00152,46.96,24.07,31.8,0,0,0
2026-03-01T01:16:30Z,CMP-00153,54.74,27.71,30.3,0,0,0
2026-03-01T01:17:00Z,CMP-00154,44.54,20.96,26.9,0,0,0
2026-03-01T01:17:30Z,CMP-00155,46.1,23.44,30.8,0,0,0
2026-03-01T01:18:00Z,CMP-00156,59.36,29.37,34.5,0,0,0
2026-03-01T01:18:30Z,CMP-00157,47.69,23.98,30.0,0,0,0
2026-03-01T01:19:00Z,CMP-00158,50.49,24.53,28.8,0,0,0
2026-03-01T01:19:30Z,CMP-00159,47.87,24.84,28.0,0,0,0
2026-03-01T01:20:00Z,CMP-00160,53.54,25.81,32.5,0,0,0
2026-03-01T01:20:30Z,CMP-00161,48.34,23.82,30.6,0,0,0
2026-03-01T01:21:00Z,CMP-00162,48.82,24.4,32.9,0,0,0
2026-03-01T01:21:30Z,CMP-00163,59.73,29.83,31.0,0,0,0
2026-03-01T01:22:00Z,CMP-00164,52.98,26.49,31.8,0,0,0
2026-03-01T01:22:30Z,CMP-00165,45.28,23.41,32.1,0,0,0
2026-03-01T01:23:00Z,CMP-00166,50.05,25.54,29.8,0,0,0
2026-03-01T01:23:30Z,CMP-00167,44.58,22.81,27.9,0,0,0
2026-03-01T01:24:00Z,CMP-00168,51.84,26.08,27.8,0,0,0
2026-03-01T01:24:30Z,CMP-00169,46.33,22.6,30.1,0,0,0
2026-03-01T01:25:00Z,CMP-00170,46.62,23.58,31.5,0,0,0
2026-03-01T01:25:30Z,CMP-00171,48.06,23.65,27.9,0,0,0
2026-03-01T01:26:00Z,CMP-00172,45.68,23.26,29.0,0,0,0
2026-03-01T01:26:30Z,CMP-00173,52.83,25.97,29.5,0,0,0
2026-03-01T01:27:00Z,CMP-00174,38.59,19.16,31.0,0,0,0
2026-03-01T01:27:30Z,CMP-00175,52.76,27.11,34.2,0,0,0
2026-03-01T01:28:00Z,CMP-00176,43.18,21.27,31.4,0,0,0
2026-03-01T01:28:30Z,CMP-00177,48.89,24.62,28.1,0,0,0
2026-03-01T01:29:00Z,CMP-00178,52.47,26.37,28.7,0,0,0
2026-03-01T01:29:30Z,CMP-00179,55.74,28.21,31.0,0,0,0
2026-03-01T01:30:00Z,CMP-00180,48.91,24.91,30.9,0,0,0
2026-03-01T01:30:30Z,CMP-00181,49.09,24.82,31.2,0,0,0
2026-03-01T01:31:00Z,CMP-00182,48.87,24.29,31.9,0,0,0
2026-03-01T01:31:30Z,CMP-00183,49.92,25.0,26.0,0,0,0
2026-03-01T01:32:00Z,CMP-00184,50.96,26.23,29.7,0,0,0
2026-03-01T01:32:30Z,CMP-00185,46.48,22.86,30.1,0,0,0
2026-03-01T01:33:00Z,CMP-00186,42.04,21.36,29.7,0,0,0
2026-03-01T01:33:30Z,CMP-00187,51.52,26.42,27.4,0,0,0
2026-03-01T01:34:00Z,CMP-00188,49.04,24.88,30.9,0,0,0
2026-03-01T01:34:30Z,CMP-00189,48.05,24.46,30.8,0,0,0
2026-03-01T01:35:00Z,CMP-00190,55.0,27.16,28.3,0,0,0
2026-03-01T01:35:30Z,CMP-00191,49.54,24.44,28.8,0,0,0
2026-03-01T01:36:00Z,CMP-00192,48.84,23.9,32.6,0,0,0
2026-03-01T01:36:30Z,CMP-00193,53.46,26.18,27.5,0,0,0
2026-03-01T01:37:00Z,CMP-00194,44.72,22.04,25.8,0,0,0
2026-03-01T01:37:30Z,CMP-00195,50.31,25.85,29.8,0,0,0
2026-03-01T01:38:00Z,CMP-00196,57.0,28.89,29.7,0,0,0
2026-03-01T01:38:30Z,CMP-00197,52.43,25.8,31.1,0,0,0
2026-03-01T01:39:00Z,CMP-00198,52.04,26.02,32.2,0,0,0
2026-03-01T01:39:30Z,CMP-00199,52.81,27.66,30.1,0,0,0
2026-03-01T01:40:00Z,CMP-00200,52.94,26.03,33.7,0,0,0
2026-03-01T01:40:30Z,CMP-00201,51.71,25.48,29.1,0,0,0
2026-03-01T01:41:00Z,CMP-00202,48.65,24.92,33.3,0,0,0
2026-03-01T01:41:30Z,CMP-00203,44.82,22.55,30.6,0,0,0
2026-03-01T01:42:00Z,CMP-00204,48.49,25.19,30.0,0,0,0
2026-03-01T01:42:30Z,CMP-00205,44.37,21.87,25.6,0,0,0
2026-03-01T01:43:00Z,CMP-00206,48.34,23.88,30.3,0,0,0
2026-03-01T01:43:30Z,CMP-00207,50.51,24.42,28.0,0,0,0
2026-03-01T01:44:00Z,CMP-00208,41.78,20.69,31.9,0,0,0
2026-03-01T01:44:30Z,CMP-00209,50.81,25.45,33.4,0,0,0
2026-03-01T01:45:00Z,CMP-00210,51.31,26.36,27.3,0,0,0
2026-03-01T01:45:30Z,CMP-00211,49.89,25.34,26.7,0,0,0
2026-03-01T01:46:00Z,CMP-00212,56.27,27.81,29.2,0,0,0
2026-03-01T01:46:30Z,CMP-00213,42.07,20.27,29.8,0,0,0
2026-03-01T01:47:00Z,CMP-00214,55.15,27.73,31.4,0,0,0
2026-03-01T01:47:30Z,CMP-00215,49.73,24.29,30.9,0,0,0
2026-03-01T01:48:00Z,CMP-00216,52.95,26.95,28.9,0,0,0
2026-03-01T01:48:30Z,CMP-00217,45.96,23.81,32.3,0,0,0
2026-03-01T01:49:00Z,CMP-00218,47.32,24.03,28.2,0,0,0
2026-03-01T01:49:30Z,CMP-00219,54.08,26.33,32.8,0,0,0
2026-03-01T01:50:00Z,CMP-00220,54.81,27.3,29.3,0,0,0
2026-03-01T01:50:30Z,CMP-00221,49.44,24.64,27.7,0,0,0
2026-03-01T01:51:00Z,CMP-00222,51.46,25.39,28.5,0,0,0
2026-03-01T01:51:30Z,CMP-00223,60.04,30.6,30.2,0,0,0
2026-03-01T01:52:00Z,CMP-00224,55.95,28.56,27.6,0,0,0
2026-03-01T01:52:30Z,CMP-00225,43.96,22.29,31.3,0,0,0
2026-03-01T01:53:00Z,CMP-00226,58.32,28.53,25.0,0,0,0
2026-03-01T01:53:30Z,CMP-00227,45.12,22.7,30.4,0,0,0
2026-03-01T01:54:00Z,CMP-00228,49.94,24.76,28.2,0,0,0
2026-03-01T01:54:30Z,CMP-00229,50.44,24.55,32.3,0,0,0
2026-03-01T01:55:00Z,CMP-00230,50.48,25.44,29.5,0,0,0
2026-03-01T01:55:30Z,CMP-00231,48.62,24.04,29.5,0,0,0
2026-03-01T01:56:00Z,CMP-00232,52.65,26.36,34.0,0,0,0
2026-03-01T01:56:30Z,CMP-00233,35.1,17.95,30.5,0,0,0
2026-03-01T01:57:00Z,CMP-00234,54.54,26.76,32.7,0,0,0
2026-03-01T01:57:30Z,CMP-00235,47.93,23.72,30.6,0,0,0
2026-03-01T01:58:00Z,CMP-00236,51.21,26.39,29.1,0,0,0
2026-03-01T01:58:30Z,CMP-00237,42.11,21.6,29.6,0,0,0
2026-03-01T01:59:00Z,CMP-00238,58.05,29.49,34.3,0,0,0
2026-03-01T01:59:30Z,CMP-00239,45.51,23.66,28.2,0,0,0
2026-03-01T02:00:00Z,CMP-00240,49.03,23.52,30.1,0,0,0
2026-03-01T02:00:30Z,CMP-00241,41.0,20.48,27.8,0,0,0
2026-03-01T02:01:00Z,CMP-00242,56.26,28.91,32.7,0,0,0
2026-03-01T02:01:30Z,CMP-00243,44.23,22.01,30.1,0,0,0
2026-03-01T02:02:00Z,CMP-00244,53.86,27.44,30.4,0,0,0
2026-03-01T02:02:30Z,CMP-00245,55.25,28.48,31.2,0,0,0
2026-03-01T02:03:00Z,CMP-00246,45.84,23.12,29.5,0,0,0
2026-03-01T02:03:30Z,CMP-00247,58.0,28.08,29.7,0,0,0
2026-03-01T02:04:00Z,CMP-00248,55.3,28.1,32.1,0,0,0
2026-03-01T02:04:30Z,CMP-00249,53.13,26.76,29.8,0,0,0
2026-03-01T02:05:00Z,CMP-00250,49.46,24.59,30.1,0,0,0
2026-03-01T02:05:30Z,CMP-00251,49.22,24.36,31.5,0,0,0
2026-03-01T02:06:00Z,CMP-00252,63.78,32.97,34.0,1,1,1
2026-03-01T02:06:30Z,CMP-00253,46.8,22.68,30.9,0,0,0
2026-03-01T02:07:00Z,CMP-00254,47.74,24.89,31.1,0,0,0
2026-03-01T02:07:30Z,CMP-00255,54.36,27.27,26.7,0,0,0
2026-03-01T02:08:00Z,CMP-00256,55.09,27.8,27.6,0,0,0
2026-03-01T02:08:30Z,CMP-00257,42.77,22.06,29.7,0,0,0
2026-03-01T02:09:00Z,CMP-00258,51.76,25.89,25.8,0,0,0
2026-03-01T02:09:30Z,CMP-00259,51.18,26.18,30.4,0,0,0
2026-03-01T02:10:00Z,CMP-00260,51.99,25.8,30.5,0,0,0
2026-03-01T02:10:30Z,CMP-00261,50.02,25.24,30.1,0,0,0
2026-03-01T02:11:00Z,CMP-00262,40.37,19.93,30.8,0,0,0
2026-03-01T02:11:30Z,CMP-00263,46.54,24.28,30.1,0,0,0
2026-03-01T02:12:00Z,CMP-00264,47.06,24.1,29.4,0,0,0
2026-03-01T02:12:30Z,CMP-00265,41.91,20.12,30.6,0,0,0
2026-03-01T02:13:00Z,CMP-00266,50.87,25.05,32.7,0,0,0
2026-03-01T02:13:30Z,CMP-00267,45.46,23.79,29.5,0,0,0
2026-03-01T02:14:00Z,CMP-00268,61.3,30.81,32.2,0,0,0
2026-03-01T02:14:30Z,CMP-00269,50.77,25.88,31.8,0,0,0
2026-03-01T02:15:00Z,CMP-00270,51.46,25.84,29.2,0,0,0
2026-03-01T02:15:30Z,CMP-00271,43.13,21.53,32.5,0,0,0
2026-03-01T02:16:00Z,CMP-00272,45.6,22.85,28.3,0,0,0
2026-03-01T02:16:30Z,CMP-00273,45.83,22.45,28.8,0,0,0
2026-03-01T02:17:00Z,CMP-00274,46.08,23.18,28.0,0,0,0
2026-03-01T02:17:30Z,CMP-00275,58.22,29.01,30.2,0,0,0
2026-03-01T02:18:00Z,CMP-00276,50.95,24.87,32.9,0,0,0
2026-03-01T02:18:30Z,CMP-00277,50.5,24.74,30.0,0,0,0
2026-03-01T02:19:00Z,CMP-00278,43.9,21.78,29.2,0,0,0
2026-03-01T02:19:30Z,CMP-00279,53.9,27.51,30.7,0,0,0
2026-03-01T02:20:00Z,CMP-00280,57.98,29.42,31.2,0,0,0
2026-03-01T02:20:30Z,CMP-00281,53.1,26.32,25.7,0,0,0
2026-03-01T02:21:00Z,CMP-00282,47.22,23.42,29.2,0,0,0
2026-03-01T02:21:30Z,CMP-00283,52.9,27.17,31.4,0,0,0
2026-03-01T02:22:00Z,CMP-00284,44.38,22.03,31.4,0,0,0
2026-03-01T02:22:30Z,CMP-00285,47.62,22.82,32.0,0,0,0
2026-03-01T02:23:00Z,CMP-00286,46.48,23.58,32.1,0,0,0
2026-03-01T02:23:30Z,CMP-00287,55.22,26.99,31.6,0,0,0
2026-03-01T02:24:00Z,CMP-00288,48.53,24.12,34.4,0,0,0
2026-03-01T02:24:30Z,CMP-00289,49.23,24.21,28.3,0,0,0
2026-03-01T02:25:00Z,CMP-00290,43.51,21.81,29.0,0,0,0
2026-03-01T02:25:30Z,CMP-00291,48.14,23.95,32.3,0,0,0
2026-03-01T02:26:00Z,CMP-00292,44.94,22.82,29.4,0,0,0
2026-03-01T02:26:30Z,CMP-00293,50.33,25.51,33.8,0,0,0
2026-03-01T02:27:00Z,CMP-00294,42.11,21.24,27.8,0,0,0
2026-03-01T02:27:30Z,CMP-00295,48.76,25.06,29.5,0,0,0
2026-03-01T02:28:00Z,CMP-00296,46.45,23.79,28.4,0,0,0
2026-03-01T02:28:30Z,CMP-00297,50.86,25.2,22.9,0,0,0
2026-03-01T02:29:00Z,CMP-00298,55.24,27.14,34.5,0,0,0
2026-03-01T02:29:30Z,CMP-00299,49.58,24.76,30.5,0,0,0
2026-03-01T02:30:00Z,CMP-00300,49.91,25.51,29.0,0,0,0
2026-03-01T02:30:30Z,CMP-00301,44.22,22.44,30.6,0,0,0
2026-03-01T02:31:00Z,CMP-00302,47.82,24.46,34.5,0,0,0
2026-03-01T02:31:30Z,CMP-00303,39.33,19.35,29.6,0,0,0
2026-03-01T02:32:00Z,CMP-00304,57.4,28.55,29.8,0,0,0
2026-03-01T02:32:30Z,CMP-00305,41.93,20.66,28.9,0,0,0
2026-03-01T02:33:00Z,CMP-00306,47.94,22.95,30.5,0,0,0
2026-03-01T02:33:30Z,CMP-00307,43.59,22.81,27.0,0,0,0
2026-03-01T02:34:00Z,CMP-00308,43.06,21.53,29.7,0,0,0
2026-03-01T02:34:30Z,CMP-00309,51.23,25.97,27.3,0,0,0
2026-03-01T02:35:00Z,CMP-00310,49.21,23.9,28.8,0,0,0
2026-03-01T02:35:30Z,CMP-00311,64.5,31.34,30.9,1,1,1
2026-03-01T02:36:00Z,CMP-00312,49.1,23.9,33.9,0,0,0
2026-03-01T02:36:30Z,CMP-00313,57.25,28.4,30.0,0,0,0
2026-03-01T02:37:00Z,CMP-00314,54.42,26.78,29.6,0,0,0
2026-03-01T02:37:30Z,CMP-00315,59.25,29.32,26.7,0,0,0
2026-03-01T02:38:00Z,CMP-00316,53.68,27.33,29.6,0,0,0
2026-03-01T02:38:30Z,CMP-00317,42.03,20.55,31.0,0,0,0
2026-03-01T02:39:00Z,CMP-00318,48.78,24.48,29.6,0,0,0
2026-03-01T02:39:30Z,CMP-00319,53.05,26.58,30.7,0,0,0
2026-03-01T02:40:00Z,CMP-00320,48.26,23.64,32.4,0,0,0
2026-03-01T02:40:30Z,CMP-00321,51.79,24.63,29.2,0,0,0
2026-03-01T02:41:00Z,CMP-00322,51.44,25.58,28.9,0,0,0
2026-03-01T02:41:30Z,CMP-00323,47.09,25.17,30.7,0,0,0
2026-03-01T02:42:00Z,CMP-00324,51.88,26.6,31.0,0,0,0
2026-03-01T02:42:30Z,CMP-00325,47.5,23.6,29.7,0,0,0
2026-03-01T02:43:00Z,CMP-00326,52.06,25.91,27.5,0,0,0
2026-03-01T02:43:30Z,CMP-00327,43.11,21.25,27.8,0,0,0
2026-03-01T02:44:00Z,CMP-00328,51.31,26.3,33.5,0,0,0
2026-03-01T02:44:30Z,CMP-00329,61.62,30.27,28.1,1,1,1
2026-03-01T02:45:00Z,CMP-00330,55.71,26.92,30.7,0,0,0
2026-03-01T02:45:30Z,CMP-00331,42.64,22.04,31.3,0,0,0
2026-03-01T02:46:00Z,CMP-00332,51.79,26.22,29.9,0,0,0
2026-03-01T02:46:30Z,CMP-00333,46.36,22.33,30.1,0,0,0
2026-03-01T02:47:00Z,CMP-00334,52.9,26.66,32.7,0,0,0
2026-03-01T02:47:30Z,CMP-00335,50.12,24.23,32.1,0,0,0
2026-03-01T02:48:00Z,CMP-00336,55.41,27.36,28.3,0,0,0
2026-03-01T02:48:30Z,CMP-00337,47.54,24.01,29.4,0,0,0
2026-03-01T02:49:00Z,CMP-00338,50.73,24.98,27.2,0,0,0
2026-03-01T02:49:30Z,CMP-00339,54.86,27.6,28.7,0,0,0
2026-03-01T02:50:00Z,CMP-00340,43.34,21.88,31.3,0,0,0
2026-03-01T02:50:30Z,CMP-00341,48.38,23.28,28.9,0,0,0
2026-03-01T02:51:00Z,CMP-00342,54.7,26.57,28.9,0,0,0
2026-03-01T02:51:30Z,CMP-00343,48.25,23.34,31.6,0,0,0
2026-03-01T02:52:00Z,CMP-00344,46.86,23.5,29.7,0,0,0
2026-03-01T02:52:30Z,CMP-00345,57.81,28.94,31.9,0,0,0
2026-03-01T02:53:00Z,CMP-00346,51.99,26.26,30.7,0,0,0
2026-03-01T02:53:30Z,CMP-00347,56.35,28.83,28.3,0,0,0
2026-03-01T02:54:00Z,CMP-00348,46.67,23.45,25.1,0,0,0
2026-03-01T02:54:30Z,CMP-00349,57.61,29.32,31.5,0,0,0
2026-03-01T02:55:00Z,CMP-00350,46.52,22.31,27.9,0,0,0
2026-03-01T02:55:30Z,CMP-00351,55.49,27.64,32.2,0,0,0
2026-03-01T02:56:00Z,CMP-00352,43.31,21.5,29.0,0,0,0
2026-03-01T02:56:30Z,CMP-00353,48.89,23.95,30.6,0,0,0
2026-03-01T02:57:00Z,CMP-00354,47.98,23.87,29.9,0,0,0
2026-03-01T02:57:30Z,CMP-00355,47.03,23.74,27.8,0,0,0
2026-03-01T02:58:00Z,CMP-00356,51.69,26.27,28.4,0,0,0
2026-03-01T02:58:30Z,CMP-00357,54.14,26.75,30.1,0,0,0
2026-03-01T02:59:00Z,CMP-00358,56.08,28.26,26.5,0,0,0
2026-03-01T02:59:30Z,CMP-00359,53.4,26.89,31.2,0,0,0
2026-03-01T03:00:00Z,CMP-00360,44.62,22.0,32.1,0,0,0
2026-03-01T03:00:30Z,CMP-00361,64.78,31.49,29.0,1,1,1
2026-03-01T03:01:00Z,CMP-00362,54.32,27.24,27.3,0,0,0
2026-03-01T03:01:30Z,CMP-00363,47.73,24.25,31.1,0,0,0
2026-03-01T03:02:00Z,CMP-00364,51.91,26.06,27.3,0,0,0
2026-03-01T03:02:30Z,CMP-00365,62.54,30.16,29.5,0,0,0
2026-03-01T03:03:00Z,CMP-00366,57.69,29.09,29.9,0,0,0
2026-03-01T03:03:30Z,CMP-00367,49.15,24.77,27.9,0,0,0
2026-03-01T03:04:00Z,CMP-00368,50.41,25.61,28.9,0,0,0
2026-03-01T03:04:30Z,CMP-00369,46.63,23.3,30.9,0,0,0
2026-03-01T03:05:00Z,CMP-00370,47.79,23.99,29.7,0,0,0
2026-03-01T03:05:30Z,CMP-00371,45.84,22.1,26.2,0,0,0
2026-03-01T03:06:00Z,CMP-00372,52.8,26.06,33.3,0,0,0
2026-03-01T03:06:30Z,CMP-00373,46.27,23.65,31.3,0,0,0
2026-03-01T03:07:00Z,CMP-00374,44.8,22.19,25.9,0,0,0
2026-03-01T03:07:30Z,CMP-00375,69.44,34.27,29.5,0,0,0
2026-03-01T03:08:00Z,CMP-00376,61.16,30.13,30.5,1,1,1
2026-03-01T03:08:30Z,CMP-00377,56.15,28.54,29.1,0,0,0
2026-03-01T03:09:00Z,CMP-00378,53.12,26.93,29.8,0,0,0
2026-03-01T03:09:30Z,CMP-00379,58.16,28.71,31.1,0,0,0
2026-03-01T03:10:00Z,CMP-00380,46.26,23.59,29.0,0,0,0
2026-03-01T03:10:30Z,CMP-00381,51.79,25.42,29.7,0,0,0
2026-03-01T03:11:00Z,CMP-00382,50.73,24.96,30.8,0,0,0
2026-03-01T03:11:30Z,CMP-00383,45.54,22.92,30.7,0,0,0
2026-03-01T03:12:00Z,CMP-00384,43.07,22.03,30.5,0,0,0
2026-03-01T03:12:30Z,CMP-00385,46.38,23.26,34.0,0,0,0
2026-03-01T03:13:00Z,CMP-00386,53.86,26.7,33.7,0,0,0
2026-03-01T03:13:30Z,CMP-00387,38.41,19.49,29.3,0,0,0
2026-03-01T03:14:00Z,CMP-00388,52.81,26.25,26.0,0,0,0
2026-03-01T03:14:30Z,CMP-00389,38.11,19.03,31.4,0,0,0
2026-03-01T03:15:00Z,CMP-00390,47.71,24.08,29.8,0,0,0
2026-03-01T03:15:30Z,CMP-00391,58.11,29.03,26.3,0,0,0
2026-03-01T03:16:00Z,CMP-00392,53.49,26.41,30.1,0,0,0
2026-03-01T03:16:30Z,CMP-00393,52.11,25.36,27.8,0,0,0
2026-03-01T03:17:00Z,CMP-00394,44.73,21.97,28.6,0,0,0
2026-03-01T03:17:30Z,CMP-00395,37.74,18.43,28.4,0,0,0
2026-03-01T03:18:00Z,CMP-00396,53.36,27.67,28.9,0,0,0
2026-03-01T03:18:30Z,CMP-00397,52.08,25.92,29.9,0,0,0
2026-03-01T03:19:00Z,CMP-00398,46.63,23.21,31.5,0,0,0
2026-03-01T03:19:30Z,CMP-00399,46.38,23.26,31.6,0,0,0
2026-03-01T03:20:00Z,CMP-00400,43.54,21.68,27.0,0,0,0
2026-03-01T03:20:30Z,CMP-00401,49.39,25.24,30.1,0,0,0
2026-03-01T03:21:00Z,CMP-00402,46.37,23.01,29.2,0,0,0
2026-03-01T03:21:30Z,CMP-00403,49.93,25.39,34.2,0,0,0
2026-03-01T03:22:00Z,CMP-00404,45.68,23.3,34.4,0,0,0
2026-03-01T03:22:30Z,CMP-00405,43.37,21.43,29.3,0,0,0
2026-03-01T03:23:00Z,CMP-00406,43.68,21.62,25.5,0,0,0
2026-03-01T03:23:30Z,CMP-00407,49.08,24.56,25.6,0,0,0
2026-03-01T03:24:00Z,CMP-00408,44.79,22.44,30.5,0,0,0
2026-03-01T03:24:30Z,CMP-00409,47.18,24.07,29.6,0,0,0
2026-03-01T03:25:00Z,CMP-00410,50.97,25.67,32.6,0,0,0
2026-03-01T03:25:30Z,CMP-00411,50.22,25.34,29.2,0,0,0
2026-03-01T03:26:00Z,CMP-00412,48.59,24.11,28.3,0,0,0
2026-03-01T03:26:30Z,CMP-00413,53.15,26.01,27.2,0,0,0
2026-03-01T03:27:00Z,CMP-00414,53.14,26.89,31.7,0,0,0
2026-03-01T03:27:30Z,CMP-00415,51.81,25.45,28.1,0,0,0
2026-03-01T03:28:00Z,CMP-00416,48.52,23.49,30.5,0,0,0
2026-03-01T03:28:30Z,CMP-00417,52.18,26.14,28.8,0,0,0
2026-03-01T03:29:00Z,CMP-00418,49.04,25.43,27.2,0,0,0
2026-03-01T03:29:30Z,CMP-00419,40.81,20.35,29.2,0,0,0
2026-03-01T03:30:00Z,CMP-00420,45.32,22.26,30.8,0,0,0
2026-03-01T03:30:30Z,CMP-00421,56.28,27.97,32.5,0,0,0
2026-03-01T03:31:00Z,CMP-00422,46.03,22.58,31.0,0,0,0
2026-03-01T03:31:30Z,CMP-00423,45.25,23.18,31.0,0,0,0
2026-03-01T03:32:00Z,CMP-00424,49.15,24.56,32.1,0,0,0
2026-03-01T03:32:30Z,CMP-00425,49.3,24.16,27.0,0,0,0
2026-03-01T03:33:00Z,CMP-00426,49.17,25.06,27.9,0,0,0
2026-03-01T03:33:30Z,CMP-00427,51.83,25.63,32.6,0,0,0
2026-03-01T03:34:00Z,CMP-00428,49.39,24.64,26.5,0,0,0
2026-03-01T03:34:30Z,CMP-00429,48.31,23.78,29.5,0,0,0
2026-03-01T03:35:00Z,CMP-00430,54.42,28.06,31.0,0,0,0
2026-03-01T03:35:30Z,CMP-00431,60.39,29.59,30.7,1,1,1
2026-03-01T03:36:00Z,CMP-00432,50.7,25.66,29.4,0,0,0
2026-03-01T03:36:30Z,CMP-00433,47.15,23.54,31.7,0,0,0
2026-03-01T03:37:00Z,CMP-00434,56.34,27.94,30.2,0,0,0
2026-03-01T03:37:30Z,CMP-00435,52.51,25.79,32.5,0,0,0
2026-03-01T03:38:00Z,CMP-00436,48.79,23.7,27.6,0,0,0
2026-03-01T03:38:30Z,CMP-00437,55.27,27.77,29.4,0,0,0
2026-03-01T03:39:00Z,CMP-00438,49.29,24.56,28.6,0,0,0
2026-03-01T03:39:30Z,CMP-00439,42.27,21.71,28.2,0,0,0
2026-03-01T03:40:00Z,CMP-00440,45.61,22.47,28.8,0,0,0
2026-03-01T03:40:30Z,CMP-00441,51.63,24.63,27.5,0,0,0
2026-03-01T03:41:00Z,CMP-00442,49.05,25.75,28.5,0,0,0
2026-03-01T03:41:30Z,CMP-00443,49.21,24.96,29.1,0,0,0
2026-03-01T03:42:00Z,CMP-00444,49.02,23.83,25.8,0,0,0
2026-03-01T03:42:30Z,CMP-00445,47.29,24.0,28.5,0,0,0
2026-03-01T03:43:00Z,CMP-00446,44.0,21.87,29.1,0,0,0
2026-03-01T03:43:30Z,CMP-00447,45.09,21.58,35.7,0,0,0
2026-03-01T03:44:00Z,CMP-00448,43.83,21.18,31.3,0,0,0
2026-03-01T03:44:30Z,CMP-00449,48.08,23.9,28.1,0,0,0
2026-03-01T03:45:00Z,CMP-00450,47.05,23.77,31.0,0,0,0
2026-03-01T03:45:30Z,CMP-00451,53.43,26.69,30.3,0,0,0
2026-03-01T03:46:00Z,CMP-00452,46.43,23.61,28.7,0,0,0
2026-03-01T03:46:30Z,CMP-00453,43.6,22.18,30.4,0,0,0
2026-03-01T03:47:00Z,CMP-00454,52.32,25.9,28.0,0,0,0
2026-03-01T03:47:30Z,CMP-00455,44.6,22.84,30.6,0,0,0
2026-03-01T03:48:00Z,CMP-00456,47.38,24.26,30.5,0,0,0
2026-03-01T03:48:30Z,CMP-00457,46.16,22.81,28.9,0,0,0
2026-03-01T03:49:00Z,CMP-00458,53.82,26.6,34.1,0,0,0
2026-03-01T03:49:30Z,CMP-00459,53.62,25.82,25.8,0,0,0
2026-03-01T03:50:00Z,CMP-00460,44.51,22.68,33.5,0,0,0
2026-03-01T03:50:30Z,CMP-00461,52.18,26.67,30.6,0,0,0
2026-03-01T03:51:00Z,CMP-00462,45.49,22.25,34.2,0,0,0
2026-03-01T03:51:30Z,CMP-00463,53.13,26.08,34.0,0,0,0
2026-03-01T03:52:00Z,CMP-00464,58.27,29.64,30.2,0,0,0
2026-03-01T03:52:30Z,CMP-00465,48.03,24.31,28.4,0,0,0
2026-03-01T03:53:00Z,CMP-00466,51.9,27.0,30.0,0,0,0
2026-03-01T03:53:30Z,CMP-00467,55.69,27.74,28.5,0,0,0
2026-03-01T03:54:00Z,CMP-00468,46.67,23.49,31.3,0,0,0
2026-03-01T03:54:30Z,CMP-00469,55.58,28.19,26.5,0,0,0
2026-03-01T03:55:00Z,CMP-00470,50.31,25.52,25.8,0,0,0
2026-03-01T03:55:30Z,CMP-00471,55.85,27.4,31.5,0,0,0
2026-03-01T03:56:00Z,CMP-00472,51.32,25.22,33.7,0,0,0
2026-03-01T03:56:30Z,CMP-00473,46.24,22.6,30.9,0,0,0
2026-03-01T03:57:00Z,CMP-00474,40.84,20.99,30.6,0,0,0
2026-03-01T03:57:30Z,CMP-00475,50.46,25.67,29.8,0,0,0
2026-03-01T03:58:00Z,CMP-00476,56.65,27.44,27.9,0,0,0
2026-03-01T03:58:30Z,CMP-00477,51.63,26.32,34.9,0,0,0
2026-03-01T03:59:00Z,CMP-00478,40.29,19.63,29.5,0,0,0
2026-03-01T03:59:30Z,CMP-00479,35.37,17.47,31.3,0,0,0
2026-03-01T04:00:00Z,CMP-00480,51.48,25.52,32.0,0,0,0
2026-03-01T04:00:30Z,CMP-00481,48.11,23.56,31.1,0,0,0
2026-03-01T04:01:00Z,CMP-00482,53.04,27.21,34.3,0,0,0
2026-03-01T04:01:30Z,CMP-00483,46.18,22.67,27.6,0,0,0
2026-03-01T04:02:00Z,CMP-00484,50.82,25.55,26.3,0,0,0
2026-03-01T04:02:30Z,CMP-00485,45.48,22.79,31.1,0,0,0
2026-03-01T04:03:00Z,CMP-00486,52.34,26.07,26.2,0,0,0
2026-03-01T04:03:30Z,CMP-00487,46.46,22.16,30.3,0,0,0
2026-03-01T04:04:00Z,CMP-00488,53.07,26.13,31.8,0,0,0
2026-03-01T04:04:30Z,CMP-00489,48.93,23.81,29.1,0,0,0
2026-03-01T04:05:00Z,CMP-00490,51.17,25.43,27.7,0,0,0
2026-03-01T04:05:30Z,CMP-00491,54.45,27.31,28.7,0,0,0
2026-03-01T04:06:00Z,CMP-00492,48.0,24.31,29.7,0,0,0
2026-03-01T04:06:30Z,CMP-00493,53.2,27.06,28.4,0,0,0
2026-03-01T04:07:00Z,CMP-00494,52.81,26.23,28.7,0,0,0
2026-03-01T04:07:30Z,CMP-00495,50.62,25.68,29.1,0,0,0
2026-03-01T04:08:00Z,CMP-00496,48.45,24.35,29.0,0,0,0
2026-03-01T04:08:30Z,CMP-00497,51.96,25.85,30.4,0,0,0
2026-03-01T04:09:00Z,CMP-00498,44.18,22.52,33.0,0,0,0
2026-03-01T04:09:30Z,CMP-00499,50.24,24.84,31.2,0,0,0
2026-03-01T04:10:00Z,CMP-00500,40.69,20.43,32.0,0,0,0
2026-03-01T04:10:30Z,CMP-00501,54.76,27.56,29.6,0,0,0
2026-03-01T04:11:00Z,CMP-00502,50.53,24.84,29.9,0,0,0
2026-03-01T04:11:30Z,CMP-00503,54.5,28.67,27.9,0,0,0
2026-03-01T04:12:00Z,CMP-00504,51.78,24.87,29.6,0,0,0
2026-03-01T04:12:30Z,CMP-00505,48.68,24.42,28.5,0,0,0
2026-03-01T04:13:00Z,CMP-00506,47.24,23.31,27.2,0,0,0
2026-03-01T04:13:30Z,CMP-00507,49.94,25.12,29.4,0,0,0
2026-03-01T04:14:00Z,CMP-00508,47.58,24.0,29.3,0,0,0
2026-03-01T04:14:30Z,CMP-00509,51.29,24.91,30.8,0,0,0
2026-03-01T04:15:00Z,CMP-00510,53.95,26.69,30.0,0,0,0
2026-03-01T04:15:30Z,CMP-00511,54.57,27.64,27.3,0,0,0
2026-03-01T04:16:00Z,CMP-00512,45.78,22.17,32.2,0,0,0
2026-03-01T04:16:30Z,CMP-00513,41.88,20.86,28.9,0,0,0
2026-03-01T04:17:00Z,CMP-00514,49.41,23.64,30.9,0,0,0
2026-03-01T04:17:30Z,CMP-00515,51.07,24.87,27.1,0,0,0
2026-03-01T04:18:00Z,CMP-00516,49.41,24.64,28.6,0,0,0
2026-03-01T04:18:30Z,CMP-00517,50.13,24.92,27.7,0,0,0
2026-03-01T04:19:00Z,CMP-00518,49.18,24.06,30.4,0,0,0
2026-03-01T04:19:30Z,CMP-00519,37.39,18.47,28.8,0,0,0
2026-03-01T04:20:00Z,CMP-00520,49.69,25.26,30.6,0,0,0
2026-03-01T04:20:30Z,CMP-00521,48.15,24.06,29.6,0,0,0
2026-03-01T04:21:00Z,CMP-00522,52.57,25.6,27.1,0,0,0
2026-03-01T04:21:30Z,CMP-00523,55.53,27.36,28.1,0,0,0
2026-03-01T04:22:00Z,CMP-00524,62.2,30.49,32.4,0,0,0
2026-03-01T04:22:30Z,CMP-00525,55.1,27.48,27.1,0,0,0
2026-03-01T04:23:00Z,CMP-00526,42.31,20.69,26.3,0,0,0
2026-03-01T04:23:30Z,CMP-00527,44.24,21.95,29.6,0,0,0
2026-03-01T04:24:00Z,CMP-00528,47.34,23.82,29.4,0,0,0
2026-03-01T04:24:30Z,CMP-00529,62.77,31.52,29.1,1,1,1
2026-03-01T04:25:00Z,CMP-00530,62.76,31.06,29.6,0,0,0
2026-03-01T04:25:30Z,CMP-00531,52.12,26.41,27.9,0,0,0
2026-03-01T04:26:00Z,CMP-00532,51.47,25.72,29.6,0,0,0
2026-03-01T04:26:30Z,CMP-00533,46.36,22.91,30.8,0,0,0
2026-03-01T04:27:00Z,CMP-00534,47.83,24.6,28.8,0,0,0
2026-03-01T04:27:30Z,CMP-00535,42.93,21.62,31.2,0,0,0
2026-03-01T04:28:00Z,CMP-00536,43.43,22.63,32.8,0,0,0
2026-03-01T04:28:30Z,CMP-00537,56.92,27.72,26.7,0,0,0
2026-03-01T04:29:00Z,CMP-00538,41.64,21.19,30.8,0,0,0
2026-03-01T04:29:30Z,CMP-00539,51.3,25.81,33.4,0,0,0
2026-03-01T04:30:00Z,CMP-00540,57.93,28.78,31.7,0,0,0
2026-03-01T04:30:30Z,CMP-00541,53.98,26.91,30.7,0,0,0
2026-03-01T04:31:00Z,CMP-00542,41.59,21.59,31.2,0,0,0
2026-03-01T04:31:30Z,CMP-00543,48.39,23.5,28.7,0,0,0
2026-03-01T04:32:00Z,CMP-00544,56.19,28.06,31.0,0,0,0
2026-03-01T04:32:30Z,CMP-00545,44.67,21.95,32.0,0,0,0
2026-03-01T04:33:00Z,CMP-00546,58.07,28.46,28.7,0,0,0
2026-03-01T04:33:30Z,CMP-00547,53.89,27.74,33.8,0,0,0
2026-03-01T04:34:00Z,CMP-00548,51.25,25.69,29.3,0,0,0
2026-03-01T04:34:30Z,CMP-00549,53.17,25.63,29.3,0,0,0
2026-03-01T04:35:00Z,CMP-00550,45.37,22.13,29.1,0,0,0
2026-03-01T04:35:30Z,CMP-00551,49.63,25.18,29.6,0,0,0
2026-03-01T04:36:00Z,CMP-00552,44.66,23.11,30.3,0,0,0
2026-03-01T04:36:30Z,CMP-00553,48.33,23.92,27.3,0,0,0
2026-03-01T04:37:00Z,CMP-00554,67.34,34.05,29.5,1,1,1
2026-03-01T04:37:30Z,CMP-00555,44.09,22.97,31.7,0,0,0
2026-03-01T04:38:00Z,CMP-00556,54.88,27.82,29.4,0,0,0
2026-03-01T04:38:30Z,CMP-00557,46.95,23.24,28.5,0,0,0
2026-03-01T04:39:00Z,CMP-00558,49.83,25.19,29.6,0,0,0
2026-03-01T04:39:30Z,CMP-00559,47.03,23.54,30.5,0,0,0
2026-03-01T04:40:00Z,CMP-00560,49.3,24.32,32.9,0,0,0
2026-03-01T04:40:30Z,CMP-00561,52.55,27.13,30.4,0,0,0
2026-03-01T04:41:00Z,CMP-00562,43.58,22.54,28.7,0,0,0
2026-03-01T04:41:30Z,CMP-00563,48.65,25.11,29.2,0,0,0
2026-03-01T04:42:00Z,CMP-00564,41.46,20.17,35.1,0,0,0
2026-03-01T04:42:30Z,CMP-00565,47.52,23.73,28.6,0,0,0
2026-03-01T04:43:00Z,CMP-00566,53.56,27.32,28.5,0,0,0
2026-03-01T04:43:30Z,CMP-00567,47.59,23.28,32.6,0,0,0
2026-03-01T04:44:00Z,CMP-00568,57.06,29.37,27.4,0,0,0
2026-03-01T04:44:30Z,CMP-00569,52.95,26.16,27.8,0,0,0
2026-03-01T04:45:00Z,CMP-00570,40.34,20.09,27.5,0,0,0
2026-03-01T04:45:30Z,CMP-00571,48.6,24.36,32.5,0,0,0
2026-03-01T04:46:00Z,CMP-00572,55.72,27.73,32.8,0,0,0
2026-03-01T04:46:30Z,CMP-00573,51.1,25.55,26.5,0,0,0
2026-03-01T04:47:00Z,CMP-00574,44.24,21.82,30.8,0,0,0
2026-03-01T04:47:30Z,CMP-00575,41.58,20.2,30.0,0,0,0
2026-03-01T04:48:00Z,CMP-00576,50.66,25.33,29.0,0,0,0
2026-03-01T04:48:30Z,CMP-00577,44.37,22.1,28.8,0,0,0
2026-03-01T04:49:00Z,CMP-00578,49.98,24.62,30.6,0,0,0
2026-03-01T04:49:30Z,CMP-00579,46.46,23.83,31.1,0,0,0
2026-03-01T04:50:00Z,CMP-00580,54.41,26.63,31.1,0,0,0
2026-03-01T04:50:30Z,CMP-00581,49.41,25.1,35.8,0,0,0
2026-03-01T04:51:00Z,CMP-00582,39.96,19.44,26.4,0,0,0
2026-03-01T04:51:30Z,CMP-00583,46.49,22.5,30.6,0,0,0
2026-03-01T04:52:00Z,CMP-00584,53.0,26.23,31.5,0,0,0
2026-03-01T04:52:30Z,CMP-00585,53.52,26.53,30.9,0,0,0
2026-03-01T04:53:00Z,CMP-00586,53.56,24.91,32.1,0,0,0
2026-03-01T04:53:30Z,CMP-00587,49.15,23.98,29.7,0,0,0
2026-03-01T04:54:00Z,CMP-00588,45.41,22.67,29.1,0,0,0
2026-03-01T04:54:30Z,CMP-00589,51.18,25.71,30.1,0,0,0
2026-03-01T04:55:00Z,CMP-00590,55.75,27.36,30.9,0,0,0
2026-03-01T04:55:30Z,CMP-00591,48.59,23.88,25.4,0,0,0
2026-03-01T04:56:00Z,CMP-00592,61.17,30.37,29.1,1,1,1
2026-03-01T04:56:30Z,CMP-00593,53.2,26.89,34.5,0,0,0
2026-03-01T04:57:00Z,CMP-00594,48.47,24.74,31.8,0,0,0
2026-03-01T04:57:30Z,CMP-00595,53.28,27.06,30.2,0,0,0
2026-03-01T04:58:00Z,CMP-00596,58.14,28.92,27.6,0,0,0
2026-03-01T04:58:30Z,CMP-00597,43.02,21.93,29.4,0,0,0
2026-03-01T04:59:00Z,CMP-00598,55.09,26.92,29.1,0,0,0
2026-03-01T04:59:30Z,CMP-00599,56.52,28.95,30.8,0,0,0
2026-03-01T05:00:00Z,CMP-00600,47.36,24.33,28.7,0,0,0
2026-03-01T05:00:30Z,CMP-00601,64.15,31.87,28.4,1,1,1
2026-03-01T05:01:00Z,CMP-00602,46.32,22.63,30.6,0,0,0
2026-03-01T05:01:30Z,CMP-00603,49.74,25.41,30.2,0,0,0
2026-03-01T05:02:00Z,CMP-00604,47.51,24.35,26.7,0,0,0
2026-03-01T05:02:30Z,CMP-00605,46.48,23.26,28.3,0,0,0
2026-03-01T05:03:00Z,CMP-00606,46.82,24.01,27.9,0,0,0
2026-03-01T05:03:30Z,CMP-00607,51.27,26.34,30.5,0,0,0
2026-03-01T05:04:00Z,CMP-00608,51.88,26.89,24.8,0,0,0
2026-03-01T05:04:30Z,CMP-00609,58.1,29.83,28.6,0,0,0
2026-03-01T05:05:00Z,CMP-00610,48.31,24.47,31.5,0,0,0
2026-03-01T05:05:30Z,CMP-00611,51.45,26.47,25.9,0,0,0
2026-03-01T05:06:00Z,CMP-00612,52.12,26.45,24.1,0,0,0
2026-03-01T05:06:30Z,CMP-00613,44.85,22.85,27.8,0,0,0
2026-03-01T05:07:00Z,CMP-00614,53.63,26.82,27.2,0,0,0
2026-03-01T05:07:30Z,CMP-00615,49.68,24.38,31.1,0,0,0
2026-03-01T05:08:00Z,CMP-00616,44.47,21.65,31.3,0,0,0
2026-03-01T05:08:30Z,CMP-00617,54.59,27.52,30.2,0,0,0
2026-03-01T05:09:00Z,CMP-00618,45.48,22.06,31.9,0,0,0
2026-03-01T05:09:30Z,CMP-00619,45.64,22.93,29.7,0,0,0
2026-03-01T05:10:00Z,CMP-00620,55.1,27.21,31.9,0,0,0
2026-03-01T05:10:30Z,CMP-00621,58.29,28.13,28.2,0,0,0
2026-03-01T05:11:00Z,CMP-00622,49.58,24.84,31.7,0,0,0
2026-03-01T05:11:30Z,CMP-00623,61.57,31.44,28.7,0,0,0
2026-03-01T05:12:00Z,CMP-00624,45.36,22.88,31.5,0,0,0
2026-03-01T05:12:30Z,CMP-00625,49.45,24.63,27.4,0,0,0
2026-03-01T05:13:00Z,CMP-00626,41.55,20.96,28.3,0,0,0
2026-03-01T05:13:30Z,CMP-00627,53.0,27.27,28.8,0,0,0
2026-03-01T05:14:00Z,CMP-00628,50.89,25.19,27.7,0,0,0
2026-03-01T05:14:30Z,CMP-00629,50.66,24.66,29.5,0,0,0
2026-03-01T05:15:00Z,CMP-00630,52.66,27.14,27.5,0,0,0
2026-03-01T05:15:30Z,CMP-00631,43.74,22.02,30.2,0,0,0
2026-03-01T05:16:00Z,CMP-00632,45.33,22.19,28.1,0,0,0
2026-03-01T05:16:30Z,CMP-00633,46.71,23.12,32.2,0,0,0
2026-03-01T05:17:00Z,CMP-00634,45.37,22.87,30.8,0,0,0
2026-03-01T05:17:30Z,CMP-00635,51.85,25.51,30.9,0,0,0
2026-03-01T05:18:00Z,CMP-00636,52.26,25.53,25.9,0,0,0
2026-03-01T05:18:30Z,CMP-00637,36.35,16.92,30.3,0,0,0
2026-03-01T05:19:00Z,CMP-00638,47.14,23.65,29.5,0,0,0
2026-03-01T05:19:30Z,CMP-00639,59.91,31.31,26.8,0,0,0
2026-03-01T05:20:00Z,CMP-00640,56.36,27.41,27.6,0,0,0
2026-03-01T05:20:30Z,CMP-00641,54.95,27.17,31.1,0,0,0
2026-03-01T05:21:00Z,CMP-00642,50.69,25.99,34.7,0,0,0
2026-03-01T05:21:30Z,CMP-00643,52.33,25.55,26.4,0,0,0
2026-03-01T05:22:00Z,CMP-00644,46.26,23.26,28.7,0,0,0
2026-03-01T05:22:30Z,CMP-00645,48.64,23.46,26.8,0,0,0
2026-03-01T05:23:00Z,CMP-00646,56.58,28.34,31.6,0,0,0
2026-03-01T05:23:30Z,CMP-00647,45.65,22.76,30.7,0,0,0
2026-03-01T05:24:00Z,CMP-00648,50.77,25.35,28.9,0,0,0
2026-03-01T05:24:30Z,CMP-00649,60.86,31.36,30.7,0,0,0
2026-03-01T05:25:00Z,CMP-00650,59.36,29.37,29.3,0,0,0
2026-03-01T05:25:30Z,CMP-00651,58.54,28.48,31.7,0,0,0
2026-03-01T05:26:00Z,CMP-00652,62.7,31.18,28.6,1,1,1
2026-03-01T05:26:30Z,CMP-00653,51.09,26.13,30.0,0,0,0
2026-03-01T05:27:00Z,CMP-00654,50.85,25.01,26.9,0,0,0
2026-03-01T05:27:30Z,CMP-00655,52.28,24.9,29.9,0,0,0
2026-03-01T05:28:00Z,CMP-00656,51.27,25.11,26.7,0,0,0
2026-03-01T05:28:30Z,CMP-00657,54.45,27.61,32.1,0,0,0
2026-03-01T05:29:00Z,CMP-00658,50.18,25.49,30.5,0,0,0
2026-03-01T05:29:30Z,CMP-00659,48.01,23.96,31.2,0,0,0
2026-03-01T05:30:00Z,CMP-00660,41.73,20.26,32.0,0,0,0
2026-03-01T05:30:30Z,CMP-00661,47.14,23.79,29.5,0,0,0
2026-03-01T05:31:00Z,CMP-00662,50.62,25.33,35.3,0,0,0
2026-03-01T05:31:30Z,CMP-00663,56.83,29.4,30.9,0,0,0
2026-03-01T05:32:00Z,CMP-00664,49.88,25.33,27.9,0,0,0
2026-03-01T05:32:30Z,CMP-00665,41.5,20.76,31.7,0,0,0
2026-03-01T05:33:00Z,CMP-00666,51.24,25.8,33.3,0,0,0
2026-03-01T05:33:30Z,CMP-00667,52.18,25.8,29.2,0,0,0
2026-03-01T05:34:00Z,CMP-00668,57.72,28.84,25.6,0,0,0
2026-03-01T05:34:30Z,CMP-00669,51.03,25.28,30.7,0,0,0
2026-03-01T05:35:00Z,CMP-00670,52.89,27.37,29.4,0,0,0
2026-03-01T05:35:30Z,CMP-00671,42.94,21.25,30.8,0,0,0
2026-03-01T05:36:00Z,CMP-00672,48.32,23.78,30.6,0,0,0
2026-03-01T05:36:30Z,CMP-00673,56.42,29.32,28.4,0,0,0
2026-03-01T05:37:00Z,CMP-00674,47.4,23.74,34.3,0,0,0
2026-03-01T05:37:30Z,CMP-00675,56.24,28.09,29.4,0,0,0
2026-03-01T05:38:00Z,CMP-00676,47.54,24.14,31.0,0,0,0
2026-03-01T05:38:30Z,CMP-00677,51.73,25.73,29.4,0,0,0
2026-03-01T05:39:00Z,CMP-00678,44.05,22.29,30.7,0,0,0
2026-03-01T05:39:30Z,CMP-00679,54.97,27.12,30.0,0,0,0
2026-03-01T05:40:00Z,CMP-00680,50.1,25.73,26.9,0,0,0
2026-03-01T05:40:30Z,CMP-00681,44.75,22.46,30.1,0,0,0
2026-03-01T05:41:00Z,CMP-00682,56.16,27.8,29.1,0,0,0
2026-03-01T05:41:30Z,CMP-00683,52.13,27.16,33.8,0,0,0
2026-03-01T05:42:00Z,CMP-00684,55.29,26.77,32.0,0,0,0
2026-03-01T05:42:30Z,CMP-00685,47.51,24.88,28.1,0,0,0
2026-03-01T05:43:00Z,CMP-00686,43.07,22.26,33.0,0,0,0
2026-03-01T05:43:30Z,CMP-00687,52.88,26.14,29.5,0,0,0
2026-03-01T05:44:00Z,CMP-00688,50.07,25.31,30.1,0,0,0
2026-03-01T05:44:30Z,CMP-00689,48.73,24.65,32.0,0,0,0
2026-03-01T05:45:00Z,CMP-00690,47.67,23.09,29.0,0,0,0
2026-03-01T05:45:30Z,CMP-00691,47.85,23.42,30.7,0,0,0
2026-03-01T05:46:00Z,CMP-00692,54.19,26.96,30.3,0,0,0
2026-03-01T05:46:30Z,CMP-00693,44.65,21.92,32.3,0,0,0
2026-03-01T05:47:00Z,CMP-00694,52.26,26.06,29.4,0,0,0
2026-03-01T05:47:30Z,CMP-00695,55.51,27.61,30.2,0,0,0
2026-03-01T05:48:00Z,CMP-00696,51.27,25.56,28.9,0,0,0
2026-03-01T05:48:30Z,CMP-00697,51.63,25.52,28.4,0,0,0
2026-03-01T05:49:00Z,CMP-00698,53.68,26.97,30.2,0,0,0
2026-03-01T05:49:30Z,CMP-00699,52.85,27.02,29.5,0,0,0
2026-03-01T05:50:00Z,CMP-00700,56.65,27.49,28.2,0,0,0
2026-03-01T05:50:30Z,CMP-00701,46.18,22.69,30.1,0,0,0
2026-03-01T05:51:00Z,CMP-00702,52.82,26.02,27.6,0,0,0
2026-03-01T05:51:30Z,CMP-00703,54.57,27.61,25.9,0,0,0
2026-03-01T05:52:00Z,CMP-00704,56.82,28.02,29.4,0,0,0
2026-03-01T05:52:30Z,CMP-00705,62.39,30.56,29.3,0,0,0
2026-03-01T05:53:00Z,CMP-00706,42.21,21.44,29.7,0,0,0
2026-03-01T05:53:30Z,CMP-00707,44.42,22.75,28.3,0,0,0
2026-03-01T05:54:00Z,CMP-00708,42.14,20.41,29.0,0,0,0
2026-03-01T05:54:30Z,CMP-00709,51.15,24.97,31.7,0,0,0
2026-03-01T05:55:00Z,CMP-00710,51.66,25.53,31.4,0,0,0
2026-03-01T05:55:30Z,CMP-00711,45.51,23.17,29.9,0,0,0
2026-03-01T05:56:00Z,CMP-00712,46.97,23.62,29.6,0,0,0
2026-03-01T05:56:30Z,CMP-00713,52.17,26.48,31.5,0,0,0
2026-03-01T05:57:00Z,CMP-00714,50.6,25.31,30.2,0,0,0
2026-03-01T05:57:30Z,CMP-00715,42.17,21.23,28.2,0,0,0
2026-03-01T05:58:00Z,CMP-00716,57.28,29.29,27.8,0,0,0
2026-03-01T05:58:30Z,CMP-00717,47.35,23.81,32.8,0,0,0
2026-03-01T05:59:00Z,CMP-00718,54.59,27.51,29.3,0,0,0
2026-03-01T05:59:30Z,CMP-00719,56.69,28.65,27.5,0,0,0
2026-03-01T06:00:00Z,CMP-00720,44.44,21.84,29.7,0,0,0
2026-03-01T06:00:30Z,CMP-00721,46.1,23.14,29.0,0,0,0
2026-03-01T06:01:00Z,CMP-00722,44.23,22.07,29.1,0,0,0
2026-03-01T06:01:30Z,CMP-00723,46.62,22.84,30.2,0,0,0
2026-03-01T06:02:00Z,CMP-00724,53.21,26.65,28.1,0,0,0
2026-03-01T06:02:30Z,CMP-00725,43.3,21.48,29.8,0,0,0
2026-03-01T06:03:00Z,CMP-00726,43.25,20.93,32.2,0,0,0
2026-03-01T06:03:30Z,CMP-00727,52.66,26.51,33.7,0,0,0
2026-03-01T06:04:00Z,CMP-00728,49.13,25.09,29.4,0,0,0
2026-03-01T06:04:30Z,CMP-00729,56.79,28.36,30.8,0,0,0
2026-03-01T06:05:00Z,CMP-00730,52.94,26.45,26.8,0,0,0
2026-03-01T06:05:30Z,CMP-00731,51.09,25.33,31.0,0,0,0
2026-03-01T06:06:00Z,CMP-00732,49.38,23.53,31.8,0,0,0
2026-03-01T06:06:30Z,CMP-00733,57.12,28.67,29.3,0,0,0
2026-03-01T06:07:00Z,CMP-00734,46.77,23.88,30.3,0,0,0
2026-03-01T06:07:30Z,CMP-00735,41.21,21.16,27.7,0,0,0
2026-03-01T06:08:00Z,CMP-00736,37.9,18.65,32.8,0,0,0
2026-03-01T06:08:30Z,CMP-00737,48.57,24.51,30.3,0,0,0
2026-03-01T06:09:00Z,CMP-00738,51.38,24.86,27.3,0,0,0
2026-03-01T06:09:30Z,CMP-00739,49.38,25.36,32.0,0,0,0
2026-03-01T06:10:00Z,CMP-00740,47.73,23.32,34.8,0,0,0
2026-03-01T06:10:30Z,CMP-00741,40.6,19.55,30.7,0,0,0
2026-03-01T06:11:00Z,CMP-00742,51.66,26.83,27.1,0,0,0
2026-03-01T06:11:30Z,CMP-00743,55.29,27.57,29.2,0,0,0
2026-03-01T06:12:00Z,CMP-00744,52.4,25.78,30.8,0,0,0
2026-03-01T06:12:30Z,CMP-00745,55.34,27.31,31.2,0,0,0
2026-03-01T06:13:00Z,CMP-00746,45.57,22.58,30.6,0,0,0
2026-03-01T06:13:30Z,CMP-00747,50.32,24.67,30.4,0,0,0
2026-03-01T06:14:00Z,CMP-00748,54.09,26.61,26.8,0,0,0
2026-03-01T06:14:30Z,CMP-00749,51.53,26.35,27.0,0,0,0
2026-03-01T06:15:00Z,CMP-00750,48.25,24.76,27.9,0,0,0
2026-03-01T06:15:30Z,CMP-00751,37.17,18.38,31.2,0,0,0
2026-03-01T06:16:00Z,CMP-00752,53.59,26.5,32.3,0,0,0
2026-03-01T06:16:30Z,CMP-00753,49.08,23.79,26.4,0,0,0
2026-03-01T06:17:00Z,CMP-00754,52.42,26.39,31.3,0,0,0
2026-03-01T06:17:30Z,CMP-00755,47.88,23.83,32.5,0,0,0
2026-03-01T06:18:00Z,CMP-00756,50.51,25.18,30.9,0,0,0
2026-03-01T06:18:30Z,CMP-00757,56.47,28.79,27.6,0,0,0
2026-03-01T06:19:00Z,CMP-00758,50.45,24.65,31.7,0,0,0
2026-03-01T06:19:30Z,CMP-00759,48.38,23.45,30.9,0,0,0
2026-03-01T06:20:00Z,CMP-00760,53.6,26.66,33.1,0,0,0
2026-03-01T06:20:30Z,CMP-00761,50.16,25.29,27.1,0,0,0
2026-03-01T06:21:00Z,CMP-00762,49.66,25.0,29.9,0,0,0
2026-03-01T06:21:30Z,CMP-00763,57.19,28.61,30.4,0,0,0
2026-03-01T06:22:00Z,CMP-00764,50.36,25.11,28.5,0,0,0
2026-03-01T06:22:30Z,CMP-00765,61.29,30.76,30.8,1,1,1
2026-03-01T06:23:00Z,CMP-00766,54.56,27.52,34.3,0,0,0
2026-03-01T06:23:30Z,CMP-00767,52.13,26.14,31.5,0,0,0
2026-03-01T06:24:00Z,CMP-00768,51.85,25.81,30.0,0,0,0
2026-03-01T06:24:30Z,CMP-00769,44.94,21.63,36.7,0,0,0
2026-03-01T06:25:00Z,CMP-00770,49.55,24.43,32.4,0,0,0
2026-03-01T06:25:30Z,CMP-00771,47.37,23.76,29.9,0,0,0
2026-03-01T06:26:00Z,CMP-00772,49.99,25.72,32.3,0,0,0
2026-03-01T06:26:30Z,CMP-00773,52.04,26.27,29.1,0,0,0
2026-03-01T06:27:00Z,CMP-00774,56.52,28.71,28.7,0,0,0
2026-03-01T06:27:30Z,CMP-00775,46.14,22.98,31.2,0,0,0
2026-03-01T06:28:00Z,CMP-00776,51.86,25.12,26.8,0,0,0
2026-03-01T06:28:30Z,CMP-00777,42.62,21.32,27.9,0,0,0
2026-03-01T06:29:00Z,CMP-00778,51.15,25.81,31.2,0,0,0
2026-03-01T06:29:30Z,CMP-00779,43.47,23.09,31.6,0,0,0
2026-03-01T06:30:00Z,CMP-00780,47.67,24.13,29.3,0,0,0
2026-03-01T06:30:30Z,CMP-00781,50.52,25.89,26.5,0,0,0
2026-03-01T06:31:00Z,CMP-00782,53.17,26.35,27.9,0,0,0
2026-03-01T06:31:30Z,CMP-00783,50.9,25.21,33.0,0,0,0
2026-03-01T06:32:00Z,CMP-00784,50.06,25.28,31.6,0,0,0
2026-03-01T06:32:30Z,CMP-00785,53.25,26.59,30.4,0,0,0
2026-03-01T06:33:00Z,CMP-00786,47.93,23.66,26.4,0,0,0
2026-03-01T06:33:30Z,CMP-00787,51.43,26.7,28.1,0,0,0
2026-03-01T06:34:00Z,CMP-00788,43.4,21.11,28.5,0,0,0
2026-03-01T06:34:30Z,CMP-00789,53.29,27.24,25.9,0,0,0
2026-03-01T06:35:00Z,CMP-00790,49.15,24.69,31.8,0,0,0
2026-03-01T06:35:30Z,CMP-00791,54.83,27.26,27.7,0,0,0
2026-03-01T06:36:00Z,CMP-00792,52.21,25.75,29.6,0,0,0
2026-03-01T06:36:30Z,CMP-00793,53.09,27.01,30.7,0,0,0
2026-03-01T06:37:00Z,CMP-00794,53.23,27.08,26.9,0,0,0
2026-03-01T06:37:30Z,CMP-00795,58.51,29.42,31.1,0,0,0
2026-03-01T06:38:00Z,CMP-00796,50.11,24.97,33.3,0,0,0
2026-03-01T06:38:30Z,CMP-00797,42.22,21.23,32.6,0,0,0
2026-03-01T06:39:00Z,CMP-00798,51.77,26.17,28.7,0,0,0
2026-03-01T06:39:30Z,CMP-00799,48.37,23.57,31.2,0,0,0
2026-03-01T06:40:00Z,CMP-00800,44.8,22.46,27.7,0,0,0
2026-03-01T06:40:30Z,CMP-00801,48.58,23.28,30.3,0,0,0
2026-03-01T06:41:00Z,CMP-00802,51.18,25.31,32.8,0,0,0
2026-03-01T06:41:30Z,CMP-00803,43.75,21.45,26.9,0,0,0
2026-03-01T06:42:00Z,CMP-00804,59.94,29.96,29.2,0,0,0
2026-03-01T06:42:30Z,CMP-00805,48.93,24.71,27.4,0,0,0
2026-03-01T06:43:00Z,CMP-00806,41.92,21.45,31.0,0,0,0
2026-03-01T06:43:30Z,CMP-00807,54.32,27.33,30.7,0,0,0
2026-03-01T06:44:00Z,CMP-00808,43.29,21.8,32.1,0,0,0
2026-03-01T06:44:30Z,CMP-00809,58.27,30.01,30.1,0,0,0
2026-03-01T06:45:00Z,CMP-00810,50.33,24.8,28.0,0,0,0
2026-03-01T06:45:30Z,CMP-00811,56.26,27.91,30.6,0,0,0
2026-03-01T06:46:00Z,CMP-00812,41.81,21.29,30.9,0,0,0
2026-03-01T06:46:30Z,CMP-00813,47.1,23.41,33.1,0,0,0
2026-03-01T06:47:00Z,CMP-00814,54.92,26.27,28.5,0,0,0
2026-03-01T06:47:30Z,CMP-00815,45.88,22.57,30.4,0,0,0
2026-03-01T06:48:00Z,CMP-00816,55.53,27.59,29.8,0,0,0
2026-03-01T06:48:30Z,CMP-00817,58.41,29.71,31.2,0,0,0
2026-03-01T06:49:00Z,CMP-00818,50.95,26.09,32.4,0,0,0
2026-03-01T06:49:30Z,CMP-00819,45.24,22.62,31.2,0,0,0
2026-03-01T06:50:00Z,CMP-00820,49.81,24.06,29.3,0,0,0
2026-03-01T06:50:30Z,CMP-00821,51.58,25.19,26.3,0,0,0
2026-03-01T06:51:00Z,CMP-00822,45.56,23.28,29.2,0,0,0
2026-03-01T06:51:30Z,CMP-00823,53.63,26.7,31.7,0,0,0
2026-03-01T06:52:00Z,CMP-00824,48.57,23.92,26.8,0,0,0
2026-03-01T06:52:30Z,CMP-00825,45.91,22.3,26.9,0,0,0
2026-03-01T06:53:00Z,CMP-00826,50.4,25.16,27.5,0,0,0
2026-03-01T06:53:30Z,CMP-00827,40.61,19.51,28.8,0,0,0
2026-03-01T06:54:00Z,CMP-00828,61.34,30.98,30.3,1,1,1
2026-03-01T06:54:30Z,CMP-00829,55.93,27.42,29.5,0,0,0
2026-03-01T06:55:00Z,CMP-00830,56.56,28.33,28.1,0,0,0
2026-03-01T06:55:30Z,CMP-00831,49.86,24.04,31.2,0,0,0
2026-03-01T06:56:00Z,CMP-00832,46.27,23.12,30.3,0,0,0
2026-03-01T06:56:30Z,CMP-00833,40.91,20.72,32.4,0,0,0
2026-03-01T06:57:00Z,CMP-00834,51.47,26.19,32.9,0,0,0
2026-03-01T06:57:30Z,CMP-00835,55.09,27.29,30.8,0,0,0
2026-03-01T06:58:00Z,CMP-00836,42.75,21.94,28.9,0,0,0
2026-03-01T06:58:30Z,CMP-00837,52.75,26.69,25.4,0,0,0
2026-03-01T06:59:00Z,CMP-00838,45.92,23.62,28.4,0,0,0
2026-03-01T06:59:30Z,CMP-00839,44.77,22.55,32.0,0,0,0
2026-03-01T07:00:00Z,CMP-00840,58.11,28.7,29.1,0,0,0
2026-03-01T07:00:30Z,CMP-00841,51.35,25.67,28.5,0,0,0
2026-03-01T07:01:00Z,CMP-00842,38.32,19.22,34.1,0,0,0
2026-03-01T07:01:30Z,CMP-00843,56.83,27.68,33.8,0,0,0
2026-03-01T07:02:00Z,CMP-00844,52.83,25.57,31.3,0,0,0
2026-03-01T07:02:30Z,CMP-00845,45.71,22.93,23.1,0,0,0
2026-03-01T07:03:00Z,CMP-00846,47.4,24.05,30.8,0,0,0
2026-03-01T07:03:30Z,CMP-00847,44.56,22.49,30.0,0,0,0
2026-03-01T07:04:00Z,CMP-00848,45.95,23.58,27.8,0,0,0
2026-03-01T07:04:30Z,CMP-00849,45.46,23.24,28.7,0,0,0
2026-03-01T07:05:00Z,CMP-00850,38.34,19.47,29.5,0,0,0
2026-03-01T07:05:30Z,CMP-00851,51.07,25.23,30.7,0,0,0
2026-03-01T07:06:00Z,CMP-00852,49.9,24.79,31.3,0,0,0
2026-03-01T07:06:30Z,CMP-00853,51.54,26.12,30.1,0,0,0
2026-03-01T07:07:00Z,CMP-00854,50.89,25.97,27.3,0,0,0
2026-03-01T07:07:30Z,CMP-00855,55.78,27.5,29.0,0,0,0
2026-03-01T07:08:00Z,CMP-00856,54.05,26.71,29.7,0,0,0
2026-03-01T07:08:30Z,CMP-00857,52.02,26.07,29.2,0,0,0
2026-03-01T07:09:00Z,CMP-00858,51.3,26.05,27.5,0,0,0
2026-03-01T07:09:30Z,CMP-00859,48.58,24.94,28.0,0,0,0
2026-03-01T07:10:00Z,CMP-00860,44.82,22.3,29.6,0,0,0
2026-03-01T07:10:30Z,CMP-00861,48.36,24.52,27.1,0,0,0
2026-03-01T07:11:00Z,CMP-00862,55.0,27.27,30.1,0,0,0
2026-03-01T07:11:30Z,CMP-00863,53.98,27.86,28.7,0,0,0
2026-03-01T07:12:00Z,CMP-00864,44.6,21.92,30.8,0,0,0
2026-03-01T07:12:30Z,CMP-00865,44.56,22.16,36.2,0,0,0
2026-03-01T07:13:00Z,CMP-00866,60.59,30.99,27.3,0,0,0
2026-03-01T07:13:30Z,CMP-00867,51.4,25.8,28.5,0,0,0
2026-03-01T07:14:00Z,CMP-00868,54.71,27.27,30.2,0,0,0
2026-03-01T07:14:30Z,CMP-00869,55.39,27.42,27.6,0,0,0
2026-03-01T07:15:00Z,CMP-00870,48.18,23.47,29.5,0,0,0
2026-03-01T07:15:30Z,CMP-00871,43.51,21.56,29.5,0,0,0
2026-03-01T07:16:00Z,CMP-00872,54.56,27.52,28.1,0,0,0
2026-03-01T07:16:30Z,CMP-00873,46.11,23.39,29.5,0,0,0
2026-03-01T07:17:00Z,CMP-00874,52.29,27.33,27.8,0,0,0
2026-03-01T07:17:30Z,CMP-00875,53.85,27.77,26.4,0,0,0
2026-03-01T07:18:00Z,CMP-00876,52.04,26.21,27.3,0,0,0
2026-03-01T07:18:30Z,CMP-00877,50.3,25.39,32.6,0,0,0
2026-03-01T07:19:00Z,CMP-00878,57.16,28.54,28.2,0,0,0
2026-03-01T07:19:30Z,CMP-00879,45.79,22.37,31.6,0,0,0
2026-03-01T07:20:00Z,CMP-00880,49.83,25.28,31.5,0,0,0
2026-03-01T07:20:30Z,CMP-00881,49.29,24.38,32.8,0,0,0
2026-03-01T07:21:00Z,CMP-00882,48.95,24.39,29.9,0,0,0
2026-03-01T07:21:30Z,CMP-00883,44.93,23.12,33.3,0,0,0
2026-03-01T07:22:00Z,CMP-00884,55.79,27.98,31.6,0,0,0
2026-03-01T07:22:30Z,CMP-00885,41.82,20.81,31.0,0,0,0
2026-03-01T07:23:00Z,CMP-00886,50.92,25.34,29.3,0,0,0
2026-03-01T07:23:30Z,CMP-00887,46.22,23.87,31.5,0,0,0
2026-03-01T07:24:00Z,CMP-00888,48.29,24.77,32.3,0,0,0
2026-03-01T07:24:30Z,CMP-00889,48.86,24.15,28.2,0,0,0
2026-03-01T07:25:00Z,CMP-00890,53.8,27.8,29.8,0,0,0
2026-03-01T07:25:30Z,CMP-00891,42.8,20.99,29.9,0,0,0
2026-03-01T07:26:00Z,CMP-00892,44.38,21.55,29.7,0,0,0
2026-03-01T07:26:30Z,CMP-00893,47.17,23.59,31.0,0,0,0
2026-03-01T07:27:00Z,CMP-00894,48.98,24.3,31.0,0,0,0
2026-03-01T07:27:30Z,CMP-00895,46.65,23.02,30.1,0,0,0
2026-03-01T07:28:00Z,CMP-00896,58.05,28.85,26.2,0,0,0
2026-03-01T07:28:30Z,CMP-00897,51.38,25.64,31.8,0,0,0
2026-03-01T07:29:00Z,CMP-00898,51.99,25.78,31.9,0,0,0
2026-03-01T07:29:30Z,CMP-00899,59.36,30.62,32.5,0,0,0
2026-03-01T07:30:00Z,CMP-00900,42.89,21.15,30.1,0,0,0
2026-03-01T07:30:30Z,CMP-00901,42.08,20.29,29.0,0,0,0
2026-03-01T07:31:00Z,CMP-00902,50.11,24.9,31.6,0,0,0
2026-03-01T07:31:30Z,CMP-00903,44.4,21.95,26.7,0,0,0
2026-03-01T07:32:00Z,CMP-00904,58.2,28.89,26.4,0,0,0
2026-03-01T07:32:30Z,CMP-00905,55.6,28.05,30.4,0,0,0
2026-03-01T07:33:00Z,CMP-00906,51.75,26.2,28.5,0,0,0
2026-03-01T07:33:30Z,CMP-00907,51.33,25.03,27.6,0,0,0
2026-03-01T07:34:00Z,CMP-00908,45.38,22.67,30.7,0,0,0
2026-03-01T07:34:30Z,CMP-00909,50.0,25.76,25.7,0,0,0
2026-03-01T07:35:00Z,CMP-00910,49.93,24.91,25.7,0,0,0
2026-03-01T07:35:30Z,CMP-00911,37.39,18.63,29.0,0,0,0
2026-03-01T07:36:00Z,CMP-00912,53.11,26.09,27.7,0,0,0
2026-03-01T07:36:30Z,CMP-00913,50.44,24.53,30.0,0,0,0
2026-03-01T07:37:00Z,CMP-00914,54.46,27.54,29.0,0,0,0
2026-03-01T07:37:30Z,CMP-00915,47.88,23.91,30.4,0,0,0
2026-03-01T07:38:00Z,CMP-00916,54.07,27.93,29.7,0,0,0
2026-03-01T07:38:30Z,CMP-00917,47.36,23.77,29.0,0,0,0
2026-03-01T07:39:00Z,CMP-00918,50.87,25.31,28.6,0,0,0
2026-03-01T07:39:30Z,CMP-00919,42.02,20.62,33.7,0,0,0
2026-03-01T07:40:00Z,CMP-00920,56.22,28.93,30.6,0,0,0
2026-03-01T07:40:30Z,CMP-00921,52.61,25.22,30.3,0,0,0
2026-03-01T07:41:00Z,CMP-00922,52.88,27.22,29.6,0,0,0
2026-03-01T07:41:30Z,CMP-00923,47.86,23.34,30.3,0,0,0
2026-03-01T07:42:00Z,CMP-00924,47.16,24.14,34.2,0,0,0
2026-03-01T07:42:30Z,CMP-00925,41.62,20.37,27.3,0,0,0
2026-03-01T07:43:00Z,CMP-00926,49.3,25.23,28.5,0,0,0
2026-03-01T07:43:30Z,CMP-00927,50.33,24.2,31.2,0,0,0
2026-03-01T07:44:00Z,CMP-00928,46.02,22.69,27.7,0,0,0
2026-03-01T07:44:30Z,CMP-00929,55.39,27.34,29.5,0,0,0
2026-03-01T07:45:00Z,CMP-00930,54.88,26.75,30.6,0,0,0
2026-03-01T07:45:30Z,CMP-00931,51.46,25.78,28.3,0,0,0
2026-03-01T07:46:00Z,CMP-00932,56.07,27.57,29.0,0,0,0
2026-03-01T07:46:30Z,CMP-00933,51.15,26.28,25.0,0,0,0
2026-03-01T07:47:00Z,CMP-00934,54.19,26.14,26.8,0,0,0
2026-03-01T07:47:30Z,CMP-00935,50.57,26.12,30.0,0,0,0
2026-03-01T07:48:00Z,CMP-00936,51.77,26.35,27.9,0,0,0
2026-03-01T07:48:30Z,CMP-00937,50.0,25.11,28.2,0,0,0
2026-03-01T07:49:00Z,CMP-00938,50.36,25.45,28.8,0,0,0
2026-03-01T07:49:30Z,CMP-00939,49.96,24.97,29.5,0,0,0
2026-03-01T07:50:00Z,CMP-00940,46.97,23.69,30.9,0,0,0
2026-03-01T07:50:30Z,CMP-00941,40.52,20.29,28.7,0,0,0
2026-03-01T07:51:00Z,CMP-00942,42.09,21.25,31.6,0,0,0
2026-03-01T07:51:30Z,CMP-00943,43.71,21.62,29.0,0,0,0
2026-03-01T07:52:00Z,CMP-00944,35.41,18.57,31.1,0,0,0
2026-03-01T07:52:30Z,CMP-00945,55.43,27.36,31.2,0,0,0
2026-03-01T07:53:00Z,CMP-00946,49.38,25.06,28.0,0,0,0
2026-03-01T07:53:30Z,CMP-00947,54.8,27.21,30.1,0,0,0
2026-03-01T07:54:00Z,CMP-00948,50.06,25.29,29.2,0,0,0
2026-03-01T07:54:30Z,CMP-00949,53.4,26.29,29.2,0,0,0
2026-03-01T07:55:00Z,CMP-00950,43.61,21.66,28.0,0,0,0
2026-03-01T07:55:30Z,CMP-00951,44.33,22.36,32.8,0,0,0
2026-03-01T07:56:00Z,CMP-00952,52.91,26.19,31.3,0,0,0
2026-03-01T07:56:30Z,CMP-00953,54.87,27.24,28.3,0,0,0
2026-03-01T07:57:00Z,CMP-00954,59.02,29.67,32.7,0,0,0
2026-03-01T07:57:30Z,CMP-00955,49.78,24.9,32.5,0,0,0
2026-03-01T07:58:00Z,CMP-00956,56.67,28.5,33.1,0,0,0
2026-03-01T07:58:30Z,CMP-00957,48.05,24.17,30.4,0,0,0
2026-03-01T07:59:00Z,CMP-00958,51.35,25.42,33.0,0,0,0
2026-03-01T07:59:30Z,CMP-00959,45.25,22.55,29.5,0,0,0
2026-03-01T08:00:00Z,CMP-00960,51.81,25.88,30.3,0,0,0
2026-03-01T08:00:30Z,CMP-00961,46.48,22.82,32.0,0,0,0
2026-03-01T08:01:00Z,CMP-00962,43.81,21.66,35.4,0,0,0
2026-03-01T08:01:30Z,CMP-00963,51.9,25.64,29.4,0,0,0
2026-03-01T08:02:00Z,CMP-00964,50.62,25.95,28.2,0,0,0
2026-03-01T08:02:30Z,CMP-00965,52.07,26.03,28.3,0,0,0
2026-03-01T08:03:00Z,CMP-00966,54.74,26.6,29.4,0,0,0
2026-03-01T08:03:30Z,CMP-00967,52.94,25.42,28.1,0,0,0
2026-03-01T08:04:00Z,CMP-00968,52.38,26.2,31.7,0,0,0
2026-03-01T08:04:30Z,CMP-00969,46.19,22.87,31.5,0,0,0
2026-03-01T08:05:00Z,CMP-00970,46.84,22.6,30.1,0,0,0
2026-03-01T08:05:30Z,CMP-00971,55.67,27.7,29.8,0,0,0
2026-03-01T08:06:00Z,CMP-00972,51.2,25.5,27.8,0,0,0
2026-03-01T08:06:30Z,CMP-00973,53.52,26.77,28.9,0,0,0
2026-03-01T08:07:00Z,CMP-00974,54.79,27.82,33.6,0,0,0
2026-03-01T08:07:30Z,CMP-00975,46.35,23.22,27.7,0,0,0
2026-03-01T08:08:00Z,CMP-00976,49.55,25.21,31.1,0,0,0
2026-03-01T08:08:30Z,CMP-00977,53.53,27.36,31.0,0,0,0
2026-03-01T08:09:00Z,CMP-00978,47.57,23.32,29.2,0,0,0
2026-03-01T08:09:30Z,CMP-00979,52.52,26.21,30.5,0,0,0
2026-03-01T08:10:00Z,CMP-00980,46.72,23.45,32.2,0,0,0
2026-03-01T08:10:30Z,CMP-00981,48.88,24.77,29.2,0,0,0
2026-03-01T08:11:00Z,CMP-00982,46.02,22.82,29.9,0,0,0
2026-03-01T08:11:30Z,CMP-00983,49.05,24.34,26.7,0,0,0
2026-03-01T08:12:00Z,CMP-00984,42.35,21.44,30.9,0,0,0
2026-03-01T08:12:30Z,CMP-00985,50.75,25.59,28.5,0,0,0
2026-03-01T08:13:00Z,CMP-00986,47.78,23.43,30.9,0,0,0
2026-03-01T08:13:30Z,CMP-00987,51.38,25.62,28.8,0,0,0
2026-03-01T08:14:00Z,CMP-00988,59.24,29.51,29.7,0,0,0
2026-03-01T08:14:30Z,CMP-00989,51.48,26.38,31.2,0,0,0
2026-03-01T08:15:00Z,CMP-00990,51.55,26.9,29.9,0,0,0
2026-03-01T08:15:30Z,CMP-00991,49.17,24.21,26.9,0,0,0
2026-03-01T08:16:00Z,CMP-00992,48.53,23.81,28.3,0,0,0
2026-03-01T08:16:30Z,CMP-00993,54.61,27.02,30.0,0,0,0
2026-03-01T08:17:00Z,CMP-00994,53.31,26.25,30.1,0,0,0
2026-03-01T08:17:30Z,CMP-00995,45.85,23.22,31.5,0,0,0
2026-03-01T08:18:00Z,CMP-00996,50.77,25.55,29.7,0,0,0
2026-03-01T08:18:30Z,CMP-00997,41.86,21.3,28.5,0,0,0
2026-03-01T08:19:00Z,CMP-00998,52.36,25.85,27.9,0,0,0
2026-03-01T08:19:30Z,CMP-00999,50.32,25.26,31.3,0,0,0
2026-03-01T08:20:00Z,CMP-01000,46.23,23.52,31.0,0,0,0
2026-03-01T08:20:30Z,CMP-01001,47.74,24.54,30.7,0,0,0
2026-03-01T08:21:00Z,CMP-01002,46.72,23.5,33.3,0,0,0
2026-03-01T08:21:30Z,CMP-01003,48.98,24.63,24.9,0,0,0
2026-03-01T08:22:00Z,CMP-01004,56.35,28.06,28.4,0,0,0
2026-03-01T08:22:30Z,CMP-01005,47.16,23.94,31.1,0,0,0
2026-03-01T08:23:00Z,CMP-01006,56.89,27.64,29.8,0,0,0
2026-03-01T08:23:30Z,CMP-01007,59.33,28.86,28.5,0,0,0
2026-03-01T08:24:00Z,CMP-01008,51.48,25.91,29.0,0,0,0
2026-03-01T08:24:30Z,CMP-01009,47.97,23.52,29.9,0,0,0
2026-03-01T08:25:00Z,CMP-01010,50.75,25.64,35.4,0,0,0
2026-03-01T08:25:30Z,CMP-01011,47.95,23.51,29.6,0,0,0
2026-03-01T08:26:00Z,CMP-01012,54.77,27.88,26.6,0,0,0
2026-03-01T08:26:30Z,CMP-01013,50.63,24.96,31.3,0,0,0
2026-03-01T08:27:00Z,CMP-01014,50.74,25.64,30.5,0,0,0
2026-03-01T08:27:30Z,CMP-01015,50.51,25.76,30.5,0,0,0
2026-03-01T08:28:00Z,CMP-01016,48.68,24.62,30.2,0,0,0
2026-03-01T08:28:30Z,CMP-01017,54.3,27.26,28.6,0,0,0
2026-03-01T08:29:00Z,CMP-01018,49.3,24.55,30.6,0,0,0
2026-03-01T08:29:30Z,CMP-01019,45.86,22.21,30.5,0,0,0
2026-03-01T08:30:00Z,CMP-01020,49.43,24.51,26.4,0,0,0
2026-03-01T08:30:30Z,CMP-01021,49.2,24.73,31.1,0,0,0
2026-03-01T08:31:00Z,CMP-01022,49.24,24.75,29.0,0,0,0
2026-03-01T08:31:30Z,CMP-01023,53.27,27.01,30.4,0,0,0
2026-03-01T08:32:00Z,CMP-01024,53.4,27.11,29.1,0,0,0
2026-03-01T08:32:30Z,CMP-01025,36.95,17.86,29.4,0,0,0
2026-03-01T08:33:00Z,CMP-01026,49.17,24.43,32.5,0,0,0
2026-03-01T08:33:30Z,CMP-01027,46.87,23.18,30.8,0,0,0
2026-03-01T08:34:00Z,CMP-01028,56.2,26.82,31.3,0,0,0
2026-03-01T08:34:30Z,CMP-01029,49.45,23.95,32.0,0,0,0
2026-03-01T08:35:00Z,CMP-01030,48.25,24.35,29.9,0,0,0
2026-03-01T08:35:30Z,CMP-01031,49.01,24.38,27.2,0,0,0
2026-03-01T08:36:00Z,CMP-01032,54.5,26.56,30.8,0,0,0
2026-03-01T08:36:30Z,CMP-01033,51.99,26.4,25.1,0,0,0
2026-03-01T08:37:00Z,CMP-01034,55.67,27.58,31.1,0,0,0
2026-03-01T08:37:30Z,CMP-01035,60.08,30.88,29.8,0,0,0
2026-03-01T08:38:00Z,CMP-01036,46.94,23.98,28.6,0,0,0
2026-03-01T08:38:30Z,CMP-01037,47.85,24.24,31.5,0,0,0
2026-03-01T08:39:00Z,CMP-01038,47.41,24.84,31.5,0,0,0
2026-03-01T08:39:30Z,CMP-01039,38.39,18.85,28.3,0,0,0
2026-03-01T08:40:00Z,CMP-01040,54.17,26.06,28.1,0,0,0
2026-03-01T08:40:30Z,CMP-01041,48.16,24.75,28.3,0,0,0
2026-03-01T08:41:00Z,CMP-01042,52.4,26.76,31.7,0,0,0
2026-03-01T08:41:30Z,CMP-01043,54.06,27.11,29.7,0,0,0
2026-03-01T08:42:00Z,CMP-01044,58.35,28.25,31.9,0,0,0
2026-03-01T08:42:30Z,CMP-01045,53.4,26.28,30.1,0,0,0
2026-03-01T08:43:00Z,CMP-01046,49.86,24.95,26.6,0,0,0
2026-03-01T08:43:30Z,CMP-01047,42.56,21.31,29.9,0,0,0
2026-03-01T08:44:00Z,CMP-01048,45.01,22.31,31.7,0,0,0
2026-03-01T08:44:30Z,CMP-01049,50.58,25.23,32.0,0,0,0
2026-03-01T08:45:00Z,CMP-01050,52.7,26.02,29.6,0,0,0
2026-03-01T08:45:30Z,CMP-01051,45.06,21.36,30.8,0,0,0
2026-03-01T08:46:00Z,CMP-01052,49.57,24.96,29.2,0,0,0
2026-03-01T08:46:30Z,CMP-01053,45.07,23.16,29.3,0,0,0
2026-03-01T08:47:00Z,CMP-01054,54.0,26.53,27.9,0,0,0
2026-03-01T08:47:30Z,CMP-01055,47.35,23.11,30.4,0,0,0
2026-03-01T08:48:00Z,CMP-01056,56.28,27.94,29.5,0,0,0
2026-03-01T08:48:30Z,CMP-01057,49.53,24.51,29.9,0,0,0
2026-03-01T08:49:00Z,CMP-01058,61.87,30.24,33.1,0,0,0
2026-03-01T08:49:30Z,CMP-01059,43.54,21.81,33.3,0,0,0
2026-03-01T08:50:00Z,CMP-01060,48.72,25.12,28.5,0,0,0
2026-03-01T08:50:30Z,CMP-01061,46.34,23.13,32.3,0,0,0
2026-03-01T08:51:00Z,CMP-01062,46.25,22.74,29.0,0,0,0
2026-03-01T08:51:30Z,CMP-01063,44.11,22.86,31.1,0,0,0
2026-03-01T08:52:00Z,CMP-01064,53.35,26.63,31.4,0,0,0
2026-03-01T08:52:30Z,CMP-01065,53.7,26.8,28.0,0,0,0
2026-03-01T08:53:00Z,CMP-01066,44.82,22.01,33.8,0,0,0
2026-03-01T08:53:30Z,CMP-01067,49.83,25.47,26.1,0,0,0
2026-03-01T08:54:00Z,CMP-01068,44.9,22.91,30.8,0,0,0
2026-03-01T08:54:30Z,CMP-01069,52.27,25.08,31.9,0,0,0
2026-03-01T08:55:00Z,CMP-01070,53.39,27.2,28.9,0,0,0
2026-03-01T08:55:30Z,CMP-01071,55.73,27.41,31.1,0,0,0
2026-03-01T08:56:00Z,CMP-01072,55.96,28.65,30.4,0,0,0
2026-03-01T08:56:30Z,CMP-01073,45.84,22.89,30.9,0,0,0
2026-03-01T08:57:00Z,CMP-01074,48.91,23.61,32.5,0,0,0
2026-03-01T08:57:30Z,CMP-01075,49.27,24.21,26.6,0,0,0
2026-03-01T08:58:00Z,CMP-01076,49.85,24.98,31.3,0,0,0
2026-03-01T08:58:30Z,CMP-01077,49.1,25.25,28.7,0,0,0
2026-03-01T08:59:00Z,CMP-01078,53.72,26.41,30.6,0,0,0
2026-03-01T08:59:30Z,CMP-01079,42.94,22.12,29.0,0,0,0
2026-03-01T09:00:00Z,CMP-01080,52.47,26.55,28.2,0,0,0
2026-03-01T09:00:30Z,CMP-01081,54.64,27.13,28.7,0,0,0
2026-03-01T09:01:00Z,CMP-01082,47.69,23.36,30.2,0,0,0
2026-03-01T09:01:30Z,CMP-01083,53.75,27.26,31.1,0,0,0
2026-03-01T09:02:00Z,CMP-01084,50.72,25.5,29.1,0,0,0
2026-03-01T09:02:30Z,CMP-01085,48.44,24.97,29.1,0,0,0
2026-03-01T09:03:00Z,CMP-01086,48.28,24.07,30.5,0,0,0
2026-03-01T09:03:30Z,CMP-01087,46.74,23.4,28.3,0,0,0
2026-03-01T09:04:00Z,CMP-01088,44.63,22.11,27.8,0,0,0
2026-03-01T09:04:30Z,CMP-01089,37.61,19.3,31.6,0,0,0
2026-03-01T09:05:00Z,CMP-01090,50.56,25.67,28.0,0,0,0
2026-03-01T09:05:30Z,CMP-01091,48.71,23.9,30.6,0,0,0
2026-03-01T09:06:00Z,CMP-01092,50.5,25.68,32.3,0,0,0
2026-03-01T09:06:30Z,CMP-01093,58.33,29.06,29.9,0,0,0
2026-03-01T09:07:00Z,CMP-01094,44.54,23.18,27.1,0,0,0
2026-03-01T09:07:30Z,CMP-01095,44.88,22.29,31.6,0,0,0
2026-03-01T09:08:00Z,CMP-01096,42.35,21.82,31.7,0,0,0
2026-03-01T09:08:30Z,CMP-01097,47.01,23.5,25.9,0,0,0
2026-03-01T09:09:00Z,CMP-01098,53.09,26.62,30.1,0,0,0
2026-03-01T09:09:30Z,CMP-01099,48.56,23.86,30.3,0,0,0
2026-03-01T09:10:00Z,CMP-01100,52.57,26.16,31.2,0,0,0
2026-03-01T09:10:30Z,CMP-01101,42.07,20.99,28.9,0,0,0
2026-03-01T09:11:00Z,CMP-01102,45.97,22.33,28.1,0,0,0
2026-03-01T09:11:30Z,CMP-01103,46.89,23.06,28.0,0,0,0
2026-03-01T09:12:00Z,CMP-01104,52.89,25.28,30.7,0,0,0
2026-03-01T09:12:30Z,CMP-01105,46.45,23.81,31.6,0,0,0
2026-03-01T09:13:00Z,CMP-01106,53.19,26.43,30.7,0,0,0
2026-03-01T09:13:30Z,CMP-01107,44.38,21.22,31.9,0,0,0
2026-03-01T09:14:00Z,CMP-01108,55.22,27.87,29.9,0,0,0
2026-03-01T09:14:30Z,CMP-01109,45.07,22.81,30.1,0,0,0
2026-03-01T09:15:00Z,CMP-01110,50.4,25.37,29.7,0,0,0
2026-03-01T09:15:30Z,CMP-01111,52.54,25.74,30.3,0,0,0
2026-03-01T09:16:00Z,CMP-01112,47.33,22.87,29.9,0,0,0
2026-03-01T09:16:30Z,CMP-01113,54.48,26.04,32.3,0,0,0
2026-03-01T09:17:00Z,CMP-01114,41.35,20.25,30.8,0,0,0
2026-03-01T09:17:30Z,CMP-01115,47.6,23.21,31.7,0,0,0
2026-03-01T09:18:00Z,CMP-01116,50.59,25.69,29.9,0,0,0
2026-03-01T09:18:30Z,CMP-01117,37.63,18.45,29.0,0,0,0
2026-03-01T09:19:00Z,CMP-01118,61.83,30.14,30.9,0,0,0
2026-03-01T09:19:30Z,CMP-01119,51.42,25.95,28.6,0,0,0
2026-03-01T09:20:00Z,CMP-01120,48.2,24.72,28.9,0,0,0
2026-03-01T09:20:30Z,CMP-01121,48.94,24.97,29.3,0,0,0
2026-03-01T09:21:00Z,CMP-01122,54.26,27.58,27.8,0,0,0
2026-03-01T09:21:30Z,CMP-01123,59.25,29.59,29.4,0,0,0
2026-03-01T09:22:00Z,CMP-01124,47.13,24.22,32.1,0,0,0
2026-03-01T09:22:30Z,CMP-01125,47.1,23.84,29.1,0,0,0
2026-03-01T09:23:00Z,CMP-01126,48.78,24.27,29.5,0,0,0
2026-03-01T09:23:30Z,CMP-01127,53.5,26.69,28.4,0,0,0
2026-03-01T09:24:00Z,CMP-01128,51.67,25.62,28.7,0,0,0
2026-03-01T09:24:30Z,CMP-01129,51.59,26.2,30.3,0,0,0
2026-03-01T09:25:00Z,CMP-01130,52.63,26.57,31.9,0,0,0
2026-03-01T09:25:30Z,CMP-01131,52.17,26.2,25.4,0,0,0
2026-03-01T09:26:00Z,CMP-01132,53.22,26.91,31.2,0,0,0
2026-03-01T09:26:30Z,CMP-01133,54.1,26.68,32.6,0,0,0
2026-03-01T09:27:00Z,CMP-01134,57.34,28.14,27.0,0,0,0
2026-03-01T09:27:30Z,CMP-01135,47.05,23.0,29.7,0,0,0
2026-03-01T09:28:00Z,CMP-01136,57.69,28.83,31.5,0,0,0
2026-03-01T09:28:30Z,CMP-01137,51.44,25.2,29.4,0,0,0
2026-03-01T09:29:00Z,CMP-01138,49.4,25.04,34.1,0,0,0
2026-03-01T09:29:30Z,CMP-01139,57.66,28.81,29.0,0,0,0
2026-03-01T09:30:00Z,CMP-01140,38.34,19.36,33.5,0,0,0
2026-03-01T09:30:30Z,CMP-01141,49.33,24.43,28.4,0,0,0
2026-03-01T09:31:00Z,CMP-01142,45.95,22.42,30.3,0,0,0
2026-03-01T09:31:30Z,CMP-01143,47.87,24.64,31.3,0,0,0
2026-03-01T09:32:00Z,CMP-01144,51.64,26.2,29.6,0,0,0
2026-03-01T09:32:30Z,CMP-01145,52.39,26.37,29.0,0,0,0
2026-03-01T09:33:00Z,CMP-01146,55.64,27.63,30.4,0,0,0
2026-03-01T09:33:30Z,CMP-01147,52.91,26.16,24.9,0,0,0
2026-03-01T09:34:00Z,CMP-01148,41.87,21.75,28.9,0,0,0
2026-03-01T09:34:30Z,CMP-01149,56.58,28.48,32.3,0,0,0
2026-03-01T09:35:00Z,CMP-01150,47.62,24.26,30.6,0,0,0
2026-03-01T09:35:30Z,CMP-01151,61.83,30.46,29.7,1,1,1
2026-03-01T09:36:00Z,CMP-01152,55.89,27.13,30.4,0,0,0
2026-03-01T09:36:30Z,CMP-01153,50.14,24.89,30.2,0,0,0
2026-03-01T09:37:00Z,CMP-01154,44.02,21.21,32.0,0,0,0
2026-03-01T09:37:30Z,CMP-01155,52.42,25.77,32.0,0,0,0
2026-03-01T09:38:00Z,CMP-01156,44.7,22.97,27.0,0,0,0
2026-03-01T09:38:30Z,CMP-01157,42.66,20.88,33.1,0,0,0
2026-03-01T09:39:00Z,CMP-01158,49.69,24.28,26.2,0,0,0
2026-03-01T09:39:30Z,CMP-01159,50.93,25.93,30.5,0,0,0
2026-03-01T09:40:00Z,CMP-01160,48.34,24.57,32.4,0,0,0
2026-03-01T09:40:30Z,CMP-01161,56.7,28.9,27.0,0,0,0
2026-03-01T09:41:00Z,CMP-01162,49.88,24.87,27.9,0,0,0
2026-03-01T09:41:30Z,CMP-01163,45.25,22.75,30.3,0,0,0
2026-03-01T09:42:00Z,CMP-01164,50.58,25.1,27.9,0,0,0
2026-03-01T09:42:30Z,CMP-01165,44.85,22.15,28.1,0,0,0
2026-03-01T09:43:00Z,CMP-01166,52.67,26.88,32.0,0,0,0
2026-03-01T09:43:30Z,CMP-01167,48.29,24.05,29.2,0,0,0
2026-03-01T09:44:00Z,CMP-01168,55.85,27.34,30.6,0,0,0
2026-03-01T09:44:30Z,CMP-01169,51.31,25.74,27.8,0,0,0
2026-03-01T09:45:00Z,CMP-01170,46.47,23.81,27.4,0,0,0
2026-03-01T09:45:30Z,CMP-01171,54.85,27.78,28.7,0,0,0
2026-03-01T09:46:00Z,CMP-01172,39.64,20.11,30.4,0,0,0
2026-03-01T09:46:30Z,CMP-01173,58.05,28.42,32.5,0,0,0
2026-03-01T09:47:00Z,CMP-01174,59.41,30.2,31.6,0,0,0
2026-03-01T09:47:30Z,CMP-01175,55.5,28.03,28.3,0,0,0
2026-03-01T09:48:00Z,CMP-01176,49.59,25.15,25.9,0,0,0
2026-03-01T09:48:30Z,CMP-01177,50.49,24.68,29.7,0,0,0
2026-03-01T09:49:00Z,CMP-01178,46.72,23.72,31.8,0,0,0
2026-03-01T09:49:30Z,CMP-01179,46.67,23.8,29.9,0,0,0
2026-03-01T09:50:00Z,CMP-01180,61.61,30.86,28.0,0,0,0
2026-03-01T09:50:30Z,CMP-01181,38.86,19.64,30.0,0,0,0
2026-03-01T09:51:00Z,CMP-01182,51.98,26.14,30.4,0,0,0
2026-03-01T09:51:30Z,CMP-01183,51.31,25.24,30.1,0,0,0
2026-03-01T09:52:00Z,CMP-01184,51.82,25.89,29.8,0,0,0
2026-03-01T09:52:30Z,CMP-01185,50.43,25.27,29.8,0,0,0
2026-03-01T09:53:00Z,CMP-01186,53.37,27.16,28.9,0,0,0
2026-03-01T09:53:30Z,CMP-01187,52.49,27.36,28.3,0,0,0
2026-03-01T09:54:00Z,CMP-01188,45.59,23.0,34.0,0,0,0
2026-03-01T09:54:30Z,CMP-01189,54.34,27.56,29.1,0,0,0
2026-03-01T09:55:00Z,CMP-01190,52.12,26.51,27.9,0,0,0
2026-03-01T09:55:30Z,CMP-01191,58.4,28.81,27.7,0,0,0
2026-03-01T09:56:00Z,CMP-01192,49.53,24.82,30.6,0,0,0
2026-03-01T09:56:30Z,CMP-01193,60.45,29.58,31.8,1,1,1
2026-03-01T09:57:00Z,CMP-01194,46.82,23.88,29.7,0,0,0
2026-03-01T09:57:30Z,CMP-01195,49.01,24.47,35.1,0,0,0
2026-03-01T09:58:00Z,CMP-01196,54.91,27.58,32.0,0,0,0
2026-03-01T09:58:30Z,CMP-01197,57.72,28.03,31.2,0,0,0
2026-03-01T09:59:00Z,CMP-01198,49.27,24.28,30.4,0,0,0
2026-03-01T09:59:30Z,CMP-01199,51.77,25.64,30.1,0,0,0
2026-03-01T10:00:00Z,CMP-01200,50.25,25.41,29.6,0,0,0
2026-03-01T10:00:30Z,CMP-01201,51.99,25.8,30.0,0,0,0
2026-03-01T10:01:00Z,CMP-01202,46.89,23.98,28.1,0,0,0
2026-03-01T10:01:30Z,CMP-01203,46.96,23.27,30.3,0,0,0
2026-03-01T10:02:00Z,CMP-01204,42.86,21.21,27.4,0,0,0
2026-03-01T10:02:30Z,CMP-01205,52.05,25.69,30.1,0,0,0
2026-03-01T10:03:00Z,CMP-01206,55.48,27.71,30.6,0,0,0
2026-03-01T10:03:30Z,CMP-01207,49.97,25.3,29.0,0,0,0
2026-03-01T10:04:00Z,CMP-01208,48.41,24.38,31.5,0,0,0
2026-03-01T10:04:30Z,CMP-01209,58.78,29.62,30.7,0,0,0
2026-03-01T10:05:00Z,CMP-01210,50.7,26.71,27.7,0,0,0
2026-03-01T10:05:30Z,CMP-01211,48.54,24.58,28.5,0,0,0
2026-03-01T10:06:00Z,CMP-01212,57.4,28.19,31.4,0,0,0
2026-03-01T10:06:30Z,CMP-01213,45.23,21.89,30.2,0,0,0
2026-03-01T10:07:00Z,CMP-01214,45.99,23.38,29.6,0,0,0
2026-03-01T10:07:30Z,CMP-01215,44.21,21.43,33.9,0,0,0
2026-03-01T10:08:00Z,CMP-01216,45.51,22.47,30.5,0,0,0
2026-03-01T10:08:30Z,CMP-01217,47.66,24.02,30.5,0,0,0
2026-03-01T10:09:00Z,CMP-01218,50.37,24.87,29.0,0,0,0
2026-03-01T10:09:30Z,CMP-01219,46.31,22.74,29.1,0,0,0
2026-03-01T10:10:00Z,CMP-01220,39.66,19.54,31.5,0,0,0
2026-03-01T10:10:30Z,CMP-01221,49.56,25.26,28.2,0,0,0
2026-03-01T10:11:00Z,CMP-01222,45.01,22.53,30.8,0,0,0
2026-03-01T10:11:30Z,CMP-01223,47.77,24.31,31.6,0,0,0
2026-03-01T10:12:00Z,CMP-01224,44.6,21.79,31.7,0,0,0
2026-03-01T10:12:30Z,CMP-01225,55.15,27.94,31.8,0,0,0
2026-03-01T10:13:00Z,CMP-01226,49.9,25.54,30.8,0,0,0
2026-03-01T10:13:30Z,CMP-01227,60.17,29.46,27.5,0,0,0
2026-03-01T10:14:00Z,CMP-01228,46.99,22.58,30.9,0,0,0
2026-03-01T10:14:30Z,CMP-01229,43.59,21.58,33.1,0,0,0
2026-03-01T10:15:00Z,CMP-01230,48.69,23.96,27.5,0,0,0
2026-03-01T10:15:30Z,CMP-01231,43.81,21.69,28.8,0,0,0
2026-03-01T10:16:00Z,CMP-01232,50.45,25.9,28.1,0,0,0
2026-03-01T10:16:30Z,CMP-01233,47.99,24.28,31.5,0,0,0
2026-03-01T10:17:00Z,CMP-01234,55.89,27.35,27.3,0,0,0
2026-03-01T10:17:30Z,CMP-01235,51.17,26.24,28.0,0,0,0
2026-03-01T10:18:00Z,CMP-01236,43.09,21.73,33.2,0,0,0
2026-03-01T10:18:30Z,CMP-01237,54.59,27.29,29.7,0,0,0
2026-03-01T10:19:00Z,CMP-01238,56.23,27.53,31.2,0,0,0
2026-03-01T10:19:30Z,CMP-01239,51.03,25.45,30.5,0,0,0
2026-03-01T10:20:00Z,CMP-01240,48.34,23.74,31.4,0,0,0
2026-03-01T10:20:30Z,CMP-01241,48.28,23.74,30.1,0,0,0
2026-03-01T10:21:00Z,CMP-01242,60.6,29.81,31.9,0,0,0
2026-03-01T10:21:30Z,CMP-01243,51.01,24.66,31.8,0,0,0
2026-03-01T10:22:00Z,CMP-01244,49.66,25.15,30.5,0,0,0
2026-03-01T10:22:30Z,CMP-01245,56.98,28.02,33.0,0,0,0
2026-03-01T10:23:00Z,CMP-01246,44.28,21.88,28.6,0,0,0
2026-03-01T10:23:30Z,CMP-01247,48.41,24.12,32.8,0,0,0
2026-03-01T10:24:00Z,CMP-01248,52.48,26.84,32.6,0,0,0
2026-03-01T10:24:30Z,CMP-01249,55.42,28.04,29.6,0,0,0
2026-03-01T10:25:00Z,CMP-01250,48.6,25.13,29.6,0,0,0
2026-03-01T10:25:30Z,CMP-01251,51.83,26.01,31.8,0,0,0
2026-03-01T10:26:00Z,CMP-01252,58.46,29.63,29.0,0,0,0
2026-03-01T10:26:30Z,CMP-01253,49.81,25.58,28.5,0,0,0
2026-03-01T10:27:00Z,CMP-01254,57.84,28.98,28.2,0,0,0
2026-03-01T10:27:30Z,CMP-01255,49.38,24.74,28.4,0,0,0
2026-03-01T10:28:00Z,CMP-01256,53.77,27.47,30.2,0,0,0
2026-03-01T10:28:30Z,CMP-01257,54.83,27.0,31.8,0,0,0
2026-03-01T10:29:00Z,CMP-01258,50.14,23.93,32.4,0,0,0
2026-03-01T10:29:30Z,CMP-01259,48.03,23.53,32.3,0,0,0
2026-03-01T10:30:00Z,CMP-01260,49.27,24.03,29.6,0,0,0
2026-03-01T10:30:30Z,CMP-01261,46.38,23.45,26.7,0,0,0
2026-03-01T10:31:00Z,CMP-01262,49.28,23.93,27.6,0,0,0
2026-03-01T10:31:30Z,CMP-01263,42.21,21.34,27.8,0,0,0
2026-03-01T10:32:00Z,CMP-01264,48.84,24.5,29.0,0,0,0
2026-03-01T10:32:30Z,CMP-01265,41.19,20.6,31.4,0,0,0
2026-03-01T10:33:00Z,CMP-01266,40.27,19.87,33.5,0,0,0
2026-03-01T10:33:30Z,CMP-01267,41.92,20.2,33.4,0,0,0
2026-03-01T10:34:00Z,CMP-01268,48.81,24.13,31.3,0,0,0
2026-03-01T10:34:30Z,CMP-01269,48.0,23.93,34.1,0,0,0
2026-03-01T10:35:00Z,CMP-01270,52.23,26.46,33.4,0,0,0
2026-03-01T10:35:30Z,CMP-01271,49.96,24.45,30.1,0,0,0
2026-03-01T10:36:00Z,CMP-01272,47.89,23.87,26.4,0,0,0
2026-03-01T10:36:30Z,CMP-01273,51.72,25.92,29.1,0,0,0
2026-03-01T10:37:00Z,CMP-01274,40.07,19.67,27.1,0,0,0
2026-03-01T10:37:30Z,CMP-01275,42.78,21.53,27.9,0,0,0
2026-03-01T10:38:00Z,CMP-01276,51.76,26.13,29.0,0,0,0
2026-03-01T10:38:30Z,CMP-01277,49.87,24.79,32.2,0,0,0
2026-03-01T10:39:00Z,CMP-01278,50.33,25.78,28.5,0,0,0
2026-03-01T10:39:30Z,CMP-01279,55.02,27.82,29.3,0,0,0
2026-03-01T10:40:00Z,CMP-01280,56.66,29.28,31.1,0,0,0
2026-03-01T10:40:30Z,CMP-01281,50.39,24.96,28.4,0,0,0
2026-03-01T10:41:00Z,CMP-01282,51.99,25.83,30.9,0,0,0
2026-03-01T10:41:30Z,CMP-01283,54.17,27.25,31.7,0,0,0
2026-03-01T10:42:00Z,CMP-01284,49.35,25.15,32.0,0,0,0
2026-03-01T10:42:30Z,CMP-01285,49.28,24.2,31.3,0,0,0
2026-03-01T10:43:00Z,CMP-01286,52.79,26.68,29.4,0,0,0
2026-03-01T10:43:30Z,CMP-01287,43.84,21.93,32.8,0,0,0
2026-03-01T10:44:00Z,CMP-01288,45.88,23.25,30.5,0,0,0
2026-03-01T10:44:30Z,CMP-01289,52.94,25.98,29.1,0,0,0
2026-03-01T10:45:00Z,CMP-01290,52.23,26.02,28.9,0,0,0
2026-03-01T10:45:30Z,CMP-01291,54.14,27.39,31.4,0,0,0
2026-03-01T10:46:00Z,CMP-01292,54.65,27.97,31.0,0,0,0
2026-03-01T10:46:30Z,CMP-01293,50.65,25.51,30.9,0,0,0
2026-03-01T10:47:00Z,CMP-01294,53.12,26.39,28.7,0,0,0
2026-03-01T10:47:30Z,CMP-01295,51.64,24.67,29.1,0,0,0
2026-03-01T10:48:00Z,CMP-01296,48.81,24.47,28.8,0,0,0
2026-03-01T10:48:30Z,CMP-01297,48.03,24.48,30.7,0,0,0
2026-03-01T10:49:00Z,CMP-01298,60.16,30.19,29.7,0,0,0
2026-03-01T10:49:30Z,CMP-01299,45.81,22.79,28.6,0,0,0
2026-03-01T10:50:00Z,CMP-01300,48.49,23.9,29.7,0,0,0
2026-03-01T10:50:30Z,CMP-01301,54.79,27.57,29.8,0,0,0
2026-03-01T10:51:00Z,CMP-01302,57.98,28.44,29.9,0,0,0
2026-03-01T10:51:30Z,CMP-01303,60.58,30.09,28.6,0,0,0
2026-03-01T10:52:00Z,CMP-01304,42.66,20.91,26.1,0,0,0
2026-03-01T10:52:30Z,CMP-01305,48.65,24.39,28.7,0,0,0
2026-03-01T10:53:00Z,CMP-01306,47.94,24.21,29.6,0,0,0
2026-03-01T10:53:30Z,CMP-01307,56.28,27.14,26.9,0,0,0
2026-03-01T10:54:00Z,CMP-01308,62.21,32.23,30.3,0,0,0
2026-03-01T10:54:30Z,CMP-01309,41.4,20.38,27.8,0,0,0
2026-03-01T10:55:00Z,CMP-01310,49.42,25.62,32.1,0,0,0
2026-03-01T10:55:30Z,CMP-01311,52.72,26.23,31.8,0,0,0
2026-03-01T10:56:00Z,CMP-01312,49.86,24.79,29.7,0,0,0
2026-03-01T10:56:30Z,CMP-01313,52.15,25.65,30.7,0,0,0
2026-03-01T10:57:00Z,CMP-01314,44.5,23.26,33.4,0,0,0
2026-03-01T10:57:30Z,CMP-01315,45.01,22.97,30.2,0,0,0
2026-03-01T10:58:00Z,CMP-01316,47.31,23.4,26.3,0,0,0
2026-03-01T10:58:30Z,CMP-01317,53.4,26.5,29.4,0,0,0
2026-03-01T10:59:00Z,CMP-01318,52.67,26.15,28.0,0,0,0
2026-03-01T10:59:30Z,CMP-01319,47.75,23.81,31.0,0,0,0
2026-03-01T11:00:00Z,CMP-01320,43.35,21.93,29.6,0,0,0
2026-03-01T11:00:30Z,CMP-01321,39.02,19.82,31.3,0,0,0
2026-03-01T11:01:00Z,CMP-01322,46.95,24.13,29.2,0,0,0
2026-03-01T11:01:30Z,CMP-01323,44.23,22.91,31.9,0,0,0
2026-03-01T11:02:00Z,CMP-01324,46.89,24.24,31.0,0,0,0
2026-03-01T11:02:30Z,CMP-01325,49.93,24.57,30.6,0,0,0
2026-03-01T11:03:00Z,CMP-01326,46.75,23.63,31.2,0,0,0
2026-03-01T11:03:30Z,CMP-01327,40.49,19.41,30.8,0,0,0
2026-03-01T11:04:00Z,CMP-01328,47.35,23.52,31.3,0,0,0
2026-03-01T11:04:30Z,CMP-01329,44.56,21.57,30.6,0,0,0
2026-03-01T11:05:00Z,CMP-01330,56.69,28.78,32.8,0,0,0
2026-03-01T11:05:30Z,CMP-01331,46.95,23.1,29.0,0,0,0
2026-03-01T11:06:00Z,CMP-01332,41.75,20.73,29.4,0,0,0
2026-03-01T11:06:30Z,CMP-01333,59.72,28.96,28.7,0,0,0
2026-03-01T11:07:00Z,CMP-01334,54.76,27.19,27.1,0,0,0
2026-03-01T11:07:30Z,CMP-01335,54.44,27.05,30.0,0,0,0
2026-03-01T11:08:00Z,CMP-01336,52.27,26.02,27.5,0,0,0
2026-03-01T11:08:30Z,CMP-01337,49.82,25.17,29.3,0,0,0
2026-03-01T11:09:00Z,CMP-01338,51.74,25.7,30.8,0,0,0
2026-03-01T11:09:30Z,CMP-01339,53.63,26.38,29.4,0,0,0
2026-03-01T11:10:00Z,CMP-01340,53.06,26.57,32.7,0,0,0
2026-03-01T11:10:30Z,CMP-01341,43.42,21.73,28.4,0,0,0
2026-03-01T11:11:00Z,CMP-01342,46.85,23.43,30.0,0,0,0
2026-03-01T11:11:30Z,CMP-01343,49.53,25.5,30.0,0,0,0
2026-03-01T11:12:00Z,CMP-01344,54.81,27.21,33.3,0,0,0
2026-03-01T11:12:30Z,CMP-01345,58.1,28.87,28.3,0,0,0
2026-03-01T11:13:00Z,CMP-01346,49.75,24.66,30.3,0,0,0
2026-03-01T11:13:30Z,CMP-01347,42.58,20.88,31.8,0,0,0
2026-03-01T11:14:00Z,CMP-01348,45.77,23.08,31.4,0,0,0
2026-03-01T11:14:30Z,CMP-01349,44.82,22.44,28.5,0,0,0
2026-03-01T11:15:00Z,CMP-01350,51.99,25.76,32.1,0,0,0
2026-03-01T11:15:30Z,CMP-01351,58.27,29.87,30.4,0,0,0
2026-03-01T11:16:00Z,CMP-01352,48.79,24.34,29.5,0,0,0
2026-03-01T11:16:30Z,CMP-01353,48.67,24.69,30.2,0,0,0
2026-03-01T11:17:00Z,CMP-01354,49.5,23.9,29.7,0,0,0
2026-03-01T11:17:30Z,CMP-01355,58.94,28.96,29.0,0,0,0
2026-03-01T11:18:00Z,CMP-01356,51.06,24.78,28.3,0,0,0
2026-03-01T11:18:30Z,CMP-01357,55.47,27.58,28.3,0,0,0
2026-03-01T11:19:00Z,CMP-01358,54.06,26.4,31.5,0,0,0
2026-03-01T11:19:30Z,CMP-01359,58.42,29.74,31.3,0,0,0
2026-03-01T11:20:00Z,CMP-01360,41.09,20.09,26.3,0,0,0
2026-03-01T11:20:30Z,CMP-01361,50.17,26.11,32.3,0,0,0
2026-03-01T11:21:00Z,CMP-01362,47.01,23.89,29.5,0,0,0
2026-03-01T11:21:30Z,CMP-01363,51.16,26.08,33.7,0,0,0
2026-03-01T11:22:00Z,CMP-01364,52.09,25.93,31.2,0,0,0
2026-03-01T11:22:30Z,CMP-01365,49.28,24.14,28.4,0,0,0
2026-03-01T11:23:00Z,CMP-01366,54.61,27.08,31.9,0,0,0
2026-03-01T11:23:30Z,CMP-01367,56.56,28.22,28.6,0,0,0
2026-03-01T11:24:00Z,CMP-01368,46.34,23.25,30.7,0,0,0
2026-03-01T11:24:30Z,CMP-01369,49.18,23.54,30.1,0,0,0
2026-03-01T11:25:00Z,CMP-01370,51.42,25.79,30.8,0,0,0
2026-03-01T11:25:30Z,CMP-01371,49.56,25.06,29.3,0,0,0
2026-03-01T11:26:00Z,CMP-01372,50.71,25.12,30.9,0,0,0
2026-03-01T11:26:30Z,CMP-01373,47.46,24.45,31.6,0,0,0
2026-03-01T11:27:00Z,CMP-01374,54.63,26.59,29.9,0,0,0
2026-03-01T11:27:30Z,CMP-01375,41.87,21.03,30.5,0,0,0
2026-03-01T11:28:00Z,CMP-01376,51.05,26.23,30.7,0,0,0
2026-03-01T11:28:30Z,CMP-01377,46.58,23.33,28.7,0,0,0
2026-03-01T11:29:00Z,CMP-01378,49.36,25.26,30.5,0,0,0
2026-03-01T11:29:30Z,CMP-01379,45.31,22.6,28.3,0,0,0
2026-03-01T11:30:00Z,CMP-01380,44.53,22.99,32.6,0,0,0
2026-03-01T11:30:30Z,CMP-01381,33.79,17.81,33.2,0,0,0
2026-03-01T11:31:00Z,CMP-01382,52.5,26.11,29.2,0,0,0
2026-03-01T11:31:30Z,CMP-01383,48.93,24.98,32.6,0,0,0
2026-03-01T11:32:00Z,CMP-01384,47.8,23.56,28.5,0,0,0
2026-03-01T11:32:30Z,CMP-01385,54.44,27.12,32.5,0,0,0
2026-03-01T11:33:00Z,CMP-01386,46.87,23.24,32.8,0,0,0
2026-03-01T11:33:30Z,CMP-01387,44.67,22.39,29.5,0,0,0
2026-03-01T11:34:00Z,CMP-01388,48.31,24.74,32.0,0,0,0
2026-03-01T11:34:30Z,CMP-01389,50.87,25.45,31.7,0,0,0
2026-03-01T11:35:00Z,CMP-01390,46.53,23.38,31.6,0,0,0
2026-03-01T11:35:30Z,CMP-01391,51.28,25.06,30.0,0,0,0
2026-03-01T11:36:00Z,CMP-01392,50.88,25.43,31.3,0,0,0
2026-03-01T11:36:30Z,CMP-01393,43.69,22.74,26.0,0,0,0
2026-03-01T11:37:00Z,CMP-01394,53.74,27.42,29.5,0,0,0
2026-03-01T11:37:30Z,CMP-01395,45.52,23.95,29.8,0,0,0
2026-03-01T11:38:00Z,CMP-01396,49.6,25.03,33.9,0,0,0
2026-03-01T11:38:30Z,CMP-01397,49.96,24.59,31.7,0,0,0
2026-03-01T11:39:00Z,CMP-01398,57.97,28.87,32.7,0,0,0
2026-03-01T11:39:30Z,CMP-01399,58.06,29.25,33.1,0,0,0
2026-03-01T11:40:00Z,CMP-01400,46.36,22.87,29.7,0,0,0
2026-03-01T11:40:30Z,CMP-01401,55.26,28.11,27.9,0,0,0
2026-03-01T11:41:00Z,CMP-01402,54.51,27.76,30.4,0,0,0
2026-03-01T11:41:30Z,CMP-01403,45.23,22.86,30.9,0,0,0
2026-03-01T11:42:00Z,CMP-01404,50.55,25.62,31.4,0,0,0
2026-03-01T11:42:30Z,CMP-01405,51.12,25.81,28.0,0,0,0
2026-03-01T11:43:00Z,CMP-01406,52.75,26.3,31.2,0,0,0
2026-03-01T11:43:30Z,CMP-01407,40.8,21.29,29.2,0,0,0
2026-03-01T11:44:00Z,CMP-01408,48.93,24.42,33.1,0,0,0
2026-03-01T11:44:30Z,CMP-01409,55.31,27.98,31.2,0,0,0
2026-03-01T11:45:00Z,CMP-01410,45.88,22.94,30.4,0,0,0
2026-03-01T11:45:30Z,CMP-01411,45.62,23.08,27.7,0,0,0
2026-03-01T11:46:00Z,CMP-01412,55.21,27.79,29.4,0,0,0
2026-03-01T11:46:30Z,CMP-01413,62.05,31.4,32.2,1,1,1
2026-03-01T11:47:00Z,CMP-01414,48.98,24.66,28.8,0,0,0
2026-03-01T11:47:30Z,CMP-01415,45.29,21.99,33.1,0,0,0
2026-03-01T11:48:00Z,CMP-01416,50.98,25.3,28.5,0,0,0
2026-03-01T11:48:30Z,CMP-01417,51.53,25.27,26.5,0,0,0
2026-03-01T11:49:00Z,CMP-01418,46.38,23.96,32.9,0,0,0
2026-03-01T11:49:30Z,CMP-01419,55.53,28.49,29.0,0,0,0
2026-03-01T11:50:00Z,CMP-01420,55.88,28.33,28.9,0,0,0
2026-03-01T11:50:30Z,CMP-01421,44.6,21.76,29.4,0,0,0
2026-03-01T11:51:00Z,CMP-01422,49.86,25.59,31.4,0,0,0
2026-03-01T11:51:30Z,CMP-01423,47.31,24.39,32.5,0,0,0
2026-03-01T11:52:00Z,CMP-01424,49.01,23.95,30.5,0,0,0
2026-03-01T11:52:30Z,CMP-01425,58.22,29.6,33.3,0,0,0
2026-03-01T11:53:00Z,CMP-01426,45.25,24.04,30.5,0,0,0
2026-03-01T11:53:30Z,CMP-01427,43.03,20.61,30.2,0,0,0
2026-03-01T11:54:00Z,CMP-01428,53.91,27.4,29.5,0,0,0
2026-03-01T11:54:30Z,CMP-01429,47.47,23.61,29.1,0,0,0
2026-03-01T11:55:00Z,CMP-01430,51.51,25.8,28.9,0,0,0
2026-03-01T11:55:30Z,CMP-01431,46.05,22.72,30.3,0,0,0
2026-03-01T11:56:00Z,CMP-01432,51.5,26.04,32.2,0,0,0
2026-03-01T11:56:30Z,CMP-01433,55.19,27.4,27.4,0,0,0
2026-03-01T11:57:00Z,CMP-01434,45.56,21.99,29.9,0,0,0
2026-03-01T11:57:30Z,CMP-01435,48.02,24.33,32.8,0,0,0
2026-03-01T11:58:00Z,CMP-01436,46.43,22.8,28.9,0,0,0
2026-03-01T11:58:30Z,CMP-01437,47.82,23.97,31.0,0,0,0
2026-03-01T11:59:00Z,CMP-01438,47.45,23.27,30.4,0,0,0
2026-03-01T11:59:30Z,CMP-01439,48.31,23.81,32.7,0,0,0
2026-03-01T12:00:00Z,CMP-01440,48.51,23.46,25.8,0,0,0
2026-03-01T12:00:30Z,CMP-01441,48.93,24.79,32.5,0,0,0
2026-03-01T12:01:00Z,CMP-01442,48.23,25.16,32.0,0,0,0
2026-03-01T12:01:30Z,CMP-01443,57.49,28.93,30.4,0,0,0
2026-03-01T12:02:00Z,CMP-01444,48.29,23.85,26.4,0,0,0
2026-03-01T12:02:30Z,CMP-01445,55.46,28.73,30.9,0,0,0
2026-03-01T12:03:00Z,CMP-01446,46.72,22.98,31.7,0,0,0
2026-03-01T12:03:30Z,CMP-01447,52.38,26.52,29.3,0,0,0
2026-03-01T12:04:00Z,CMP-01448,53.05,26.98,30.3,0,0,0
2026-03-01T12:04:30Z,CMP-01449,38.83,19.26,28.5,0,0,0
2026-03-01T12:05:00Z,CMP-01450,49.15,24.29,27.7,0,0,0
2026-03-01T12:05:30Z,CMP-01451,45.59,23.69,32.6,0,0,0
2026-03-01T12:06:00Z,CMP-01452,60.65,29.26,31.8,1,1,1
2026-03-01T12:06:30Z,CMP-01453,47.18,22.2,28.5,0,0,0
2026-03-01T12:07:00Z,CMP-01454,49.53,25.09,29.3,0,0,0
2026-03-01T12:07:30Z,CMP-01455,49.76,24.78,30.5,0,0,0
2026-03-01T12:08:00Z,CMP-01456,45.42,23.44,30.3,0,0,0
2026-03-01T12:08:30Z,CMP-01457,56.14,27.69,28.9,0,0,0
2026-03-01T12:09:00Z,CMP-01458,50.31,24.68,31.8,0,0,0
2026-03-01T12:09:30Z,CMP-01459,52.46,25.24,29.3,0,0,0
2026-03-01T12:10:00Z,CMP-01460,47.95,23.71,29.1,0,0,0
2026-03-01T12:10:30Z,CMP-01461,53.64,26.79,34.9,0,0,0
2026-03-01T12:11:00Z,CMP-01462,51.45,26.01,29.7,0,0,0
2026-03-01T12:11:30Z,CMP-01463,54.67,26.88,31.5,0,0,0
2026-03-01T12:12:00Z,CMP-01464,43.76,21.77,30.8,0,0,0
2026-03-01T12:12:30Z,CMP-01465,53.69,26.33,28.8,0,0,0
2026-03-01T12:13:00Z,CMP-01466,51.88,25.89,29.9,0,0,0
2026-03-01T12:13:30Z,CMP-01467,46.75,22.85,28.7,0,0,0
2026-03-01T12:14:00Z,CMP-01468,47.03,23.3,29.4,0,0,0
2026-03-01T12:14:30Z,CMP-01469,47.84,24.01,27.3,0,0,0
2026-03-01T12:15:00Z,CMP-01470,55.84,27.57,30.4,0,0,0
2026-03-01T12:15:30Z,CMP-01471,48.37,24.43,28.0,0,0,0
2026-03-01T12:16:00Z,CMP-01472,56.76,29.54,33.2,0,0,0
2026-03-01T12:16:30Z,CMP-01473,48.85,24.07,27.1,0,0,0
2026-03-01T12:17:00Z,CMP-01474,47.99,24.01,30.2,0,0,0
2026-03-01T12:17:30Z,CMP-01475,44.31,21.51,30.5,0,0,0
2026-03-01T12:18:00Z,CMP-01476,55.83,27.34,27.9,0,0,0
2026-03-01T12:18:30Z,CMP-01477,43.15,21.92,30.5,0,0,0
2026-03-01T12:19:00Z,CMP-01478,48.96,24.55,30.3,0,0,0
2026-03-01T12:19:30Z,CMP-01479,46.58,23.59,31.8,0,0,0
2026-03-01T12:20:00Z,CMP-01480,50.59,24.97,28.7,0,0,0
2026-03-01T12:20:30Z,CMP-01481,47.84,24.06,29.9,0,0,0
2026-03-01T12:21:00Z,CMP-01482,60.43,29.65,31.4,0,0,0
2026-03-01T12:21:30Z,CMP-01483,58.49,28.02,32.5,0,0,0
2026-03-01T12:22:00Z,CMP-01484,56.06,27.93,31.6,0,0,0
2026-03-01T12:22:30Z,CMP-01485,55.99,27.65,25.3,0,0,0
2026-03-01T12:23:00Z,CMP-01486,48.59,25.62,30.5,0,0,0
2026-03-01T12:23:30Z,CMP-01487,54.02,26.8,30.4,0,0,0
2026-03-01T12:24:00Z,CMP-01488,47.09,24.39,26.3,0,0,0
2026-03-01T12:24:30Z,CMP-01489,42.45,20.4,30.2,0,0,0
2026-03-01T12:25:00Z,CMP-01490,44.83,22.34,30.5,0,0,0
2026-03-01T12:25:30Z,CMP-01491,54.02,26.89,33.5,0,0,0
2026-03-01T12:26:00Z,CMP-01492,48.44,24.11,27.3,0,0,0
2026-03-01T12:26:30Z,CMP-01493,39.24,19.65,30.2,0,0,0
2026-03-01T12:27:00Z,CMP-01494,43.91,21.64,32.0,0,0,0
2026-03-01T12:27:30Z,CMP-01495,53.02,26.65,32.2,0,0,0
2026-03-01T12:28:00Z,CMP-01496,54.01,27.16,32.3,0,0,0
2026-03-01T12:28:30Z,CMP-01497,53.46,26.84,29.9,0,0,0
2026-03-01T12:29:00Z,CMP-01498,58.22,29.06,28.5,0,0,0
2026-03-01T12:29:30Z,CMP-01499,59.98,28.54,28.6,0,0,0
